contig_id	contig_srt	contig_end	region_id	attributes	gc_count	overlaps	fwd_e2e	rev_e2e	total_reads	fwd_reads	rev_reads	cov150x	cov500x	cov2500x
chr17	30237134	30237368	AMPL3925991	SUBMITTED_REGION=rs25531;Pool=2	169	0	0	0	0	0	0	0	0	0
chr6	31207057	31207261	AMPL3926668	SUBMITTED_REGION=rs185386680;Pool=2	83	2	1	0	2	2	0	0	0	0
chr19	40848933	40849146	AMPL3926093	SUBMITTED_REGION=rs114114578;Pool=1	101	7	0	0	8	2	6	0	0	0
chr6	31414341	31414576	AMPL3926201	SUBMITTED_REGION=rs188729361;Pool=1	154	69	20	16	68	42	26	0	0	0
chr19	41004065	41004301	AMPL3926466	SUBMITTED_REGION=2B6Ex2F;Pool=2	142	17283	46	0	136	92	44	57	50	50
chr22	42129523	42129760	AMPL3926426	SUBMITTED_REGION=CYP2D6cnv44.4.64739,Hs04083572_cn,SP_815.4.124704;Pool=1	160	8138	22	53	151	92	59	29	25	25
chr22	42628117	42628271	AMPL3926510	SUBMITTED_REGION=rs121965006,rs121965008,rs200872504;Pool=1	90	156	50	83	156	66	90	65	0	0
chr15	74745797	74746018	AMPL2649381	SUBMITTED_REGION=rs2069514;Pool=1	109	386	17	129	386	28	358	220	0	0
chr19	40940308	40940529	AMPL3926248	SUBMITTED_REGION=2B7P12B6In4Ex5;Pool=1	112	6883	39	242	398	69	329	221	16	4
chr10	114045267	114045502	AMPL3091682	SUBMITTED_REGION=rs1801253;Pool=2	190	462	16	45	462	271	191	230	0	0
chr6	18139546	18139757	AMPL3925990	SUBMITTED_REGION=rs12201199,rs200220210;Pool=1	79	476	7	37	477	136	341	212	0	0
chr6	31313669	31313859	AMPL3698522	SUBMITTED_REGION=rs10484555;Pool=2	52	558	237	281	558	248	310	191	189	0
chr6	31267268	31267385	AMPL3926517	SUBMITTED_REGION=rs371096447;Pool=2	51	587	265	227	587	337	250	118	117	0
chr6	31302124	31302331	AMPL3926172	SUBMITTED_REGION=rs12211087;Pool=2	59	603	4	74	603	337	266	207	99	0
chr6	31209647	31209864	AMPL3925931	SUBMITTED_REGION=rs149481627;Pool=1	105	759	270	393	759	325	434	218	218	0
chr6	31448662	31448790	AMPL3925968	SUBMITTED_REGION=rs143527370;Pool=2	31	797	325	400	797	384	413	129	129	0
chr19	40949476	40949666	AMPL3925912	SUBMITTED_REGION=2B7Ex9F;Pool=2	103	1165	234	328	808	401	407	191	190	0
chr6	31415731	31415942	AMPL3926476	SUBMITTED_REGION=rs115841246;Pool=2	115	839	379	331	839	483	356	212	212	0
chr19	41008229	41008448	AMPL3926044	SUBMITTED_REGION=2B7P12B6In4Ex5;Pool=2	113	3659	86	640	936	138	798	220	220	0
chr6	31453616	31453837	AMPL3926313	SUBMITTED_REGION=rs144027808;Pool=2	67	1124	8	152	1124	11	1113	221	121	0
chr10	94965750	94965820	AMPL3547871	SUBMITTED_REGION=rs4917639;Pool=2	21	1200	594	552	1200	643	557	71	71	0
chr3	165773418	165773641	AMPL3219749	SUBMITTED_REGION=rs1803274;Pool=2	63	1259	513	605	1259	559	700	224	224	0
chr11	108412307	108412528	AMPL3922006	SUBMITTED_REGION=rs11212617;Pool=1	66	1286	967	56	1286	1110	176	222	222	0
chr19	41008441	41008581	AMPL3926440	SUBMITTED_REGION=2B7P12B6In4Ex5;Pool=1	70	8946	1123	109	1329	1199	130	141	141	15
chr12	21174760	21174977	AMPL3926354	SUBMITTED_REGION=rs4149036;Pool=1	56	1458	690	651	1458	773	685	218	218	0
chr1	97515750	97515938	AMPL2503449	SUBMITTED_REGION=rs148994843,rs1801158,rs1801159,rs55886062;Pool=2	87	1506	682	690	1506	754	752	189	189	0
chr19	41008039	41008229	AMPL3926088	SUBMITTED_REGION=2B7P12B6In4Ex5;Pool=1	60	6801	552	91	1647	649	998	191	191	49
chr19	41007427	41007642	AMPL3926470	SUBMITTED_REGION=2B7P12B6In4Ex5;Pool=1	102	5356	1	553	1671	8	1663	216	216	25
chr11	64535426	64535576	AMPL3547755	SUBMITTED_REGION=rs11231809;Pool=2	59	1673	630	917	1673	698	975	151	151	0
chr1	97691707	97691927	AMPL2654412	SUBMITTED_REGION=rs1801266;Pool=2	73	1899	482	839	1899	877	1022	221	221	0
chr19	41008704	41008870	AMPL3926091	SUBMITTED_REGION=2B7P12B6In4Ex5;Pool=1	55	13479	781	636	1929	1160	769	167	167	113
chr6	31379469	31379697	AMPL3926491	SUBMITTED_REGION=rs190938408;Pool=2	113	1951	1	15	1950	23	1927	95	76	0
chr15	74747192	74747408	AMPL3926632	SUBMITTED_REGION=rs35694136;Pool=2	100	1978	1307	76	1978	1854	124	217	217	0
chr19	41007535	41007770	AMPL3925971	SUBMITTED_REGION=2B7P12B6In4Ex5;Pool=2	130	9002	0	0	2089	3	2086	169	165	14
chr19	40940091	40940308	AMPL3926386	SUBMITTED_REGION=2B7P12B6In4Ex5;Pool=2	61	2414	3	14	2094	1097	997	218	216	0
chr19	40949301	40949529	AMPL3926501	SUBMITTED_REGION=2B7Ex9F;Pool=1	112	8921	39	126	2131	1633	498	229	99	30
chr19	41009139	41009375	AMPL3926529	SUBMITTED_REGION=2B6Ex5,2B7P12B6In4Ex5,rs2279343;Pool=1	130	3397	238	752	2178	1151	1027	237	237	21
chr10	94947690	94947896	AMPL3926579	SUBMITTED_REGION=rs72558190,rs774550549;Pool=1	62	7672	914	900	2244	1163	1081	207	207	39
chr19	41009567	41009742	AMPL3926221	SUBMITTED_REGION=2B6Ex5;Pool=1	88	10620	494	415	2339	635	1704	176	176	75
chr7	117664659	117664881	AMPL2687211	SUBMITTED_REGION=rs193922525;Pool=1	106	2386	923	950	2386	1240	1146	223	223	0
chr6	31449951	31450164	AMPL3926349	SUBMITTED_REGION=rs2523694;Pool=1	61	2390	1214	992	2390	1298	1092	214	214	0
chr1	65610218	65610440	AMPL3926132	SUBMITTED_REGION=rs1805094;Pool=1	62	2501	853	1234	2501	1169	1332	223	223	0
chr10	59672789	59673009	AMPL3926295	SUBMITTED_REGION=rs550527563;Pool=2	82	2565	2209	106	2565	2441	124	221	221	124
chr4	68570364	68570528	AMPL3926512	SUBMITTED_REGION=rs6817882;Pool=1	65	2580	1075	771	2580	1182	1398	165	165	25
chr1	247448654	247448873	AMPL3926265	SUBMITTED_REGION=rs10754558;Pool=2	94	2657	102	1921	2657	237	2420	220	220	77
chr19	40944527	40944746	AMPL3926549	SUBMITTED_REGION=2B7Ex7F;Pool=2	101	10882	95	1740	2710	174	2536	220	220	159
chr1	97098501	97098720	AMPL3658614	SUBMITTED_REGION=rs1801267;Pool=2	73	2711	1226	1146	2711	1310	1401	220	220	210
chr10	94849898	94850112	AMPL2683317	SUBMITTED_REGION=rs17879685;Pool=1	80	2756	1139	801	2756	1328	1428	215	215	94
chr6	35702202	35702418	AMPL3926604	SUBMITTED_REGION=rs4713916;Pool=1	68	2763	1416	499	2763	1853	910	217	217	118
chr13	48045617	48045835	AMPL3698542	SUBMITTED_REGION=rs116855232,rs147390019;Pool=2	86	2776	1096	1284	2776	1390	1386	219	219	213
chr19	44908797	44908998	AMPL3926182	SUBMITTED_REGION=rs7412;Pool=2	159	3000	818	974	2787	1543	1244	202	202	91
chr6	30051362	30051574	AMPL3925987	SUBMITTED_REGION=rs259945;Pool=2	53	2791	1046	1324	2791	1268	1523	213	213	211
chr7	117611445	117611622	AMPL3925914	SUBMITTED_REGION=rs150212784,rs397508513;Pool=1	49	9767	1357	1119	2867	1510	1357	178	178	176
chr7	117508951	117509137	AMPL3926368	SUBMITTED_REGION=rs115545701,rs368505753,rs397508256;Pool=2	63	2883	1207	974	2883	1536	1347	187	187	186
chr19	40944730	40944957	AMPL3925986	SUBMITTED_REGION=2B7Ex7F;Pool=1	102	13425	252	1202	3012	1392	1620	228	228	205
chr6	31287025	31287243	AMPL3926546	SUBMITTED_REGION=rs185615899;Pool=1	79	3072	2402	359	3072	2679	393	219	219	217
chr4	68655102	68655315	AMPL3925960	SUBMITTED_REGION=rs148583958;Pool=2	72	3095	1043	1804	3095	1095	2000	214	214	214
chr19	41012399	41012627	AMPL3926257	SUBMITTED_REGION=2B6Ex7,2B6Ex8,rs34097093;Pool=1	111	15435	6	1679	3105	106	2999	229	229	42
chr10	94781761	94781948	AMPL3843423	SUBMITTED_REGION=rs375781227,rs4244285,rs6413438;Pool=1	51	6347	1363	1330	3189	1575	1614	188	188	188
chr1	97740316	97740536	AMPL2878499	SUBMITTED_REGION=rs72549309;Pool=1	70	3221	1365	1504	3221	1593	1628	221	221	221
chr1	97579707	97579924	AMPL2683245	SUBMITTED_REGION=rs75017182;Pool=2	78	3240	308	1308	3240	1699	1541	218	218	175
chr6	31285494	31285702	AMPL3926165	SUBMITTED_REGION=rs9461684;Pool=2	75	3270	279	112	3270	3112	158	209	85	43
chr7	99768230	99768447	AMPL2833309	SUBMITTED_REGION=rs55785340;Pool=1	68	7775	452	1530	3297	1616	1681	218	218	213
chr5	75359586	75359808	AMPL3926142	SUBMITTED_REGION=rs17238540;Pool=2	83	3347	1348	1586	3347	1689	1658	223	223	223
chr12	21130278	21130498	AMPL2649373	SUBMITTED_REGION=rs4149015;Pool=2	67	3361	1615	1235	3361	1737	1624	221	221	221
chr7	99649984	99650205	AMPL2194138	SUBMITTED_REGION=rs41279854;Pool=1	75	3392	1461	1162	3392	1653	1739	222	222	222
chr19	40939372	40939581	AMPL3926019	SUBMITTED_REGION=2B7P12B6In4Ex5;Pool=2	91	8372	27	185	3414	426	2988	210	205	82
chr5	75346978	75347201	AMPL3926539	SUBMITTED_REGION=rs17244841;Pool=1	63	3454	951	765	3454	1653	1801	224	224	186
chr12	21224958	21225141	AMPL3926021	SUBMITTED_REGION=rs4149081;Pool=2	56	3535	1692	1477	3535	2017	1518	184	184	184
chr8	18400730	18400951	AMPL3926164	SUBMITTED_REGION=rs1208,rs1799931,rs56393504;Pool=2	79	8451	1425	1673	3538	1519	2019	222	222	222
chr1	97699324	97699548	AMPL3658636	SUBMITTED_REGION=rs115232898,rs2297595;Pool=1	90	3551	1778	1293	3551	1954	1597	225	225	225
chr6	18138902	18139117	AMPL2683406	SUBMITTED_REGION=rs112339338,rs144041067,rs1800460;Pool=2	74	3580	2409	241	3580	3239	341	216	215	214
chr6	31318054	31318260	AMPL3926155	SUBMITTED_REGION=rs3130690;Pool=1	82	3591	1708	1717	3591	1810	1781	205	205	205
chr6	31375170	31375384	AMPL3926002	SUBMITTED_REGION=rs151107659;Pool=1	78	3646	1520	1738	3646	1671	1975	213	211	211
chr7	117627410	117627633	AMPL3805512	SUBMITTED_REGION=rs79850223;Pool=2	76	3647	1656	1654	3647	1819	1828	224	224	224
chr19	44908553	44908792	AMPL1190978	SUBMITTED_REGION=rs429358;Pool=1	167	3656	768	478	3654	1666	1988	240	240	216
chr19	39248115	39248353	AMPL2636988	SUBMITTED_REGION=rs12979860;Pool=1	161	3693	1068	835	3693	1903	1790	239	239	238
chr1	28843012	28843228	AMPL3926078	SUBMITTED_REGION=rs3766951;Pool=1	104	3760	1645	1374	3760	2106	1654	217	217	217
chr6	31140486	31140716	AMPL3926367	SUBMITTED_REGION=rs190335533;Pool=2	113	3833	746	12	3833	3798	35	231	230	150
chr6	30731602	30731786	AMPL3001448	SUBMITTED_REGION=rs3909184;Pool=2	90	3871	2042	1052	3871	2184	1687	185	185	185
chr19	40851398	40851621	AMPL3926460	SUBMITTED_REGION=rs4803381;Pool=1	96	3884	1866	1628	3884	2073	1811	224	224	224
chr6	18130666	18130835	AMPL2683048	SUBMITTED_REGION=rs1142345,rs150900439,rs1800584,rs377085266,rs398122996;Pool=2	52	3887	1802	1696	3887	2011	1876	170	170	170
chr6	29920884	29921094	AMPL3926277	SUBMITTED_REGION=rs138415245;Pool=2	76	3905	1237	1802	3905	1878	2027	211	211	211
chr6	31228806	31228996	AMPL3926203	SUBMITTED_REGION=rs9264041;Pool=2	100	3958	1560	1780	3958	2121	1837	191	191	191
chr1	97721528	97721714	AMPL2530309	SUBMITTED_REGION=rs1212037891;Pool=2	65	3968	1466	1923	3968	1844	2124	187	187	187
chr19	41009345	41009578	AMPL3926247	SUBMITTED_REGION=2B6Ex5,rs2279343;Pool=2	130	6789	1024	47	3992	1153	2839	234	234	99
chr6	18149002	18149169	AMPL3926042	SUBMITTED_REGION=rs750424422;Pool=1	72	3993	1736	1987	3993	1854	2139	168	168	168
chr19	41007253	41007442	AMPL3925933	SUBMITTED_REGION=2B7P12B6In4Ex5;Pool=2	84	10388	752	1201	4027	1545	2482	190	190	190
chr10	94938821	94939034	AMPL3926246	SUBMITTED_REGION=rs564813580;Pool=2	74	4788	1848	1547	4033	2016	2017	214	214	214
chr1	55058629	55058775	AMPL3925928	SUBMITTED_REGION=rs374603772;Pool=2	91	4102	974	308	4101	2485	1616	147	147	131
chr7	117548595	117548813	AMPL3805219	SUBMITTED_REGION=rs74551128;Pool=1	79	4110	1959	494	4110	2375	1735	219	219	218
chr10	94761753	94761906	AMPL2614811	SUBMITTED_REGION=rs12248560;Pool=2	44	4132	291	2291	4132	492	3640	154	154	152
chr6	18147771	18147943	AMPL2683204	SUBMITTED_REGION=rs200591577;Pool=2	59	4137	77	1111	4137	2916	1221	173	173	162
chr7	117534299	117534515	AMPL2508161	SUBMITTED_REGION=rs397508759,rs80282562;Pool=2	74	4187	2046	1906	4187	2190	1997	217	217	217
chr6	32353609	32353829	AMPL3926036	SUBMITTED_REGION=rs2395148;Pool=2	68	4234	1973	1695	4234	2116	2118	221	221	221
chr12	21172690	21172909	AMPL2683214	SUBMITTED_REGION=rs2291073;Pool=2	69	4242	1787	1895	4242	2276	1966	220	220	220
chr1	97305215	97305437	AMPL3698563	SUBMITTED_REGION=rs1801160;Pool=2	106	4259	1705	1919	4259	2090	2169	223	223	223
chr7	117587634	117587854	AMPL2455455	SUBMITTED_REGION=rs113993959,rs121908755,rs121908757,rs121909005,rs121909013,rs75527207;Pool=1	77	4274	1845	1676	4274	2114	2160	221	221	221
chr19	38543190	38543381	AMPL3926147	SUBMITTED_REGION=rs148399313;Pool=1	75	4279	2329	1725	4279	2443	1836	192	192	192
chr10	94949153	94949367	AMPL2670555	SUBMITTED_REGION=rs2256871,rs9332130,rs9332131;Pool=1	68	4304	1843	2159	4304	1988	2316	215	215	215
chr6	31247658	31247881	AMPL3926008	SUBMITTED_REGION=rs6936478;Pool=1	78	4309	2344	1483	4309	2534	1775	224	224	224
chr10	94781941	94782126	AMPL2683276	SUBMITTED_REGION=rs375781227,rs72558186;Pool=2	65	7265	1842	901	4325	2226	2099	186	186	185
chr19	38500532	38500740	AMPL2529734	SUBMITTED_REGION=rs118192122,rs118192124,rs121918594,rs193922816,rs28933397;Pool=1	135	4332	1235	1296	4332	1940	2392	209	209	208
chr12	21229543	21229697	AMPL3925940	SUBMITTED_REGION=rs11045879;Pool=1	46	4369	1979	1951	4369	2104	2265	155	155	155
chr4	87853994	87854214	AMPL3925919	SUBMITTED_REGION=rs1471403;Pool=1	75	4380	1819	2197	4380	1975	2405	221	221	221
chr6	31279279	31279437	AMPL3926311	SUBMITTED_REGION=rs4386816;Pool=1	47	4397	985	1167	4397	2101	2296	159	159	159
chr6	18143500	18143720	AMPL2683382	SUBMITTED_REGION=rs111901354,rs115106679,rs151149760;Pool=1	84	11852	2391	1479	4465	2659	1806	221	221	221
chr19	41007947	41008085	AMPL3926218	SUBMITTED_REGION=2B7P12B6In4Ex5;Pool=2	50	11154	1035	252	4469	1252	3217	139	139	89
chr12	21176671	21176886	AMPL3923810	SUBMITTED_REGION=rs11045819,rs2306283;Pool=2	64	4473	1856	1990	4473	2230	2243	216	216	216
chr1	97078918	97079139	AMPL3926190	SUBMITTED_REGION=rs1801268;Pool=2	99	4474	1818	2288	4474	1971	2503	222	222	222
chr1	97082256	97082477	AMPL387568	SUBMITTED_REGION=rs67376798;Pool=1	85	4475	1042	1911	4475	2233	2242	222	222	222
chr6	31245763	31245972	AMPL3926452	SUBMITTED_REGION=rs9264132;Pool=2	89	4481	1584	1355	4481	2249	2232	210	210	210
chr7	117639907	117640128	AMPL2938262	SUBMITTED_REGION=rs75039782;Pool=1	74	4486	2190	2040	4486	2348	2138	222	222	222
chr12	21178600	21178748	AMPL3843411	SUBMITTED_REGION=rs2291075,rs4149056;Pool=1	53	4504	2014	2188	4504	2218	2286	149	149	149
chr6	25823196	25823384	AMPL3926180	SUBMITTED_REGION=rs1183201;Pool=2	60	4504	1991	1566	4504	2275	2229	189	189	189
chr7	99672842	99673067	AMPL2614796	SUBMITTED_REGION=rs776746;Pool=2	86	4520	1610	1760	4520	1947	2573	226	226	226
chr7	117614605	117614826	AMPL2476493	SUBMITTED_REGION=rs75541969;Pool=1	75	4533	200	2186	4533	2059	2474	222	222	222
chr7	99652699	99652919	AMPL2683188	SUBMITTED_REGION=rs41303343;Pool=2	85	5039	1767	2117	4538	2067	2471	221	221	221
chr4	87845025	87845247	AMPL3926503	SUBMITTED_REGION=rs753138805;Pool=2	74	4554	1049	2008	4554	2434	2120	223	223	223
chr6	31003864	31004048	AMPL3926558	SUBMITTED_REGION=rs1632856;Pool=2	72	4568	665	1876	4568	2277	2291	185	185	184
chr10	94971919	94972141	AMPL2683340	SUBMITTED_REGION=rs182132442;Pool=1	71	4584	1592	2375	4584	1940	2644	223	223	222
chr7	99768413	99768630	AMPL3005258	SUBMITTED_REGION=rs4987161;Pool=2	97	7009	1601	1217	4648	2370	2278	218	218	218
chr6	31378738	31378948	AMPL3894580	SUBMITTED_REGION=rs58102217;Pool=2	134	4650	2431	958	4650	3556	1094	211	211	211
chr7	117590265	117590489	AMPL1190902	SUBMITTED_REGION=rs121909006,rs397508288;Pool=2	65	4678	1661	1338	4678	2260	2418	225	225	225
chr19	41008860	41009085	AMPL3926339	SUBMITTED_REGION=2B7P12B6In4Ex5,rs12721650;Pool=2	102	6264	290	58	4694	2721	1973	226	57	48
chr19	40843922	40844142	AMPL3926085	SUBMITTED_REGION=rs143731390;Pool=1	128	15593	1833	1964	4718	2158	2560	221	221	221
chr17	63488522	63488745	AMPL3697894	SUBMITTED_REGION=rs1799752;Pool=1	115	4727	2219	1761	4727	2469	2258	224	224	224
chr10	119436684	119436866	AMPL3926014	SUBMITTED_REGION=rs2230349;Pool=1	103	4730	1984	2129	4730	2276	2454	183	183	183
chr19	41009684	41009884	AMPL3926330	SUBMITTED_REGION=2B6Ex6,rs2279345;Pool=2	89	15141	1726	1688	4860	1965	2895	201	201	201
chr5	148826744	148826978	AMPL3926513	SUBMITTED_REGION=rs1042713;Pool=2	163	4888	767	1557	4888	2285	2603	235	235	234
chr6	31137734	31137943	AMPL2634700	SUBMITTED_REGION=rs2233954;Pool=2	108	4888	917	2671	4888	1108	3780	210	210	210
chr1	55058378	55058605	AMPL3926554	SUBMITTED_REGION=rs141502002,rs562556;Pool=1	128	4906	1736	1689	4906	2649	2257	228	228	228
chr6	29916137	29916356	AMPL3925943	SUBMITTED_REGION=rs114776910;Pool=1	100	4915	1313	2260	4915	2448	2467	220	220	220
chr10	94985826	94986046	AMPL3926535	SUBMITTED_REGION=rs764211126;Pool=2	89	4960	2218	2164	4960	2488	2472	221	221	221
chr6	31439263	31439485	AMPL3926073	SUBMITTED_REGION=rs138238859;Pool=2	96	4983	594	2025	4983	845	4138	223	223	222
chr4	87901409	87901630	AMPL3926318	SUBMITTED_REGION=rs181831514;Pool=2	76	5007	2292	2113	5007	2575	2432	222	222	222
chr19	39252332	39252553	AMPL2877085	SUBMITTED_REGION=rs8099917;Pool=1	75	5011	2191	2078	5011	2636	2375	222	222	222
chr9	130483088	130483310	AMPL3926119	SUBMITTED_REGION=rs10901080;Pool=1	84	5011	715	2243	5011	2549	2462	223	223	223
chr12	21179427	21179647	AMPL3547914	SUBMITTED_REGION=rs11045821;Pool=2	82	5100	1887	1856	5100	2490	2610	221	221	221
chr7	87531138	87531361	AMPL3922196	SUBMITTED_REGION=rs2032582;Pool=1	70	5132	2304	2085	5132	2617	2515	224	224	224
chr19	40939207	40939412	AMPL3926374	SUBMITTED_REGION=2B7Ex4,2B7P12B6In4Ex5;Pool=1	109	12866	672	1116	5139	1552	3587	206	206	206
chr7	117606582	117606727	AMPL2464526	SUBMITTED_REGION=rs141033578;Pool=2	42	5139	2246	2473	5139	2448	2691	146	146	146
chr19	41004488	41004691	AMPL3926215	SUBMITTED_REGION=2B6Ex2F;Pool=2	104	13829	1634	2429	5175	1918	3257	204	204	204
chr9	130502362	130502558	AMPL3926151	SUBMITTED_REGION=rs10793902;Pool=2	89	5229	2382	2190	5229	2893	2336	197	197	197
chr6	25784065	25784270	AMPL3926543	SUBMITTED_REGION=rs12662869;Pool=1	68	5249	665	969	5249	2682	2567	206	206	205
chr19	40938745	40938850	AMPL3926380	SUBMITTED_REGION=2B7Ex4;Pool=2	41	20916	2480	2463	5275	2663	2612	106	106	106
chr19	41012188	41012402	AMPL3923921	SUBMITTED_REGION=2B6Ex7,rs28399499;Pool=2	103	7195	2417	2402	5284	2620	2664	215	215	215
chr10	94645607	94645827	AMPL2455390	SUBMITTED_REGION=rs12777823;Pool=1	80	5311	2035	2368	5311	2588	2723	221	221	221
chr4	69096801	69096958	AMPL3926319	SUBMITTED_REGION=rs28365063;Pool=1	46	5357	2264	2316	5357	2745	2612	158	158	158
chr8	18400556	18400768	AMPL2834708	SUBMITTED_REGION=rs1799930;Pool=1	78	8632	2253	2516	5373	2648	2725	213	213	213
chr19	40935936	40936171	AMPL3925922	SUBMITTED_REGION=2B7Ex2and3;Pool=2	122	19562	222	113	5421	315	5106	236	234	196
chr7	99665090	99665279	AMPL3924192	SUBMITTED_REGION=rs10264272;Pool=1	64	5443	729	553	5443	2822	2621	190	190	174
chr19	40846778	40846976	AMPL3926670	SUBMITTED_REGION=rs140471703,rs4079369;Pool=1	113	5448	2608	2385	5447	2862	2585	199	199	199
chr13	46895675	46895893	AMPL3925934	SUBMITTED_REGION=rs6313;Pool=1	95	5454	2170	1902	5454	2549	2905	219	219	219
chr2	166052941	166053098	AMPL3922011	SUBMITTED_REGION=rs3812718;Pool=2	61	5460	2531	2428	5460	2769	2691	158	158	158
chr11	120792548	120792770	AMPL2455297	SUBMITTED_REGION=rs1954787;Pool=1	102	5467	1772	2795	5467	1924	3543	223	223	223
chr7	99760791	99760969	AMPL3006727	SUBMITTED_REGION=rs4986910;Pool=1	68	5473	3167	1921	5473	3285	2188	179	179	179
chr2	215347520	215347745	AMPL3922086	SUBMITTED_REGION=rs4673993;Pool=2	85	5536	1296	738	5536	1451	4085	226	226	54
chr6	31422352	31422522	AMPL3926566	SUBMITTED_REGION=rs116419909;Pool=1	52	5538	1966	2845	5538	2367	3171	171	171	171
chr19	40935999	40936234	AMPL3925927	SUBMITTED_REGION=2B7Ex2and3;Pool=1	124	17491	274	291	5554	5122	432	236	236	219
chr7	117530850	117531068	AMPL2508162	SUBMITTED_REGION=rs113993958,rs397508537,rs77834169,rs78655421;Pool=1	91	5602	2601	1455	5602	3253	2349	219	219	219
chr12	21164784	21164998	AMPL3926076	SUBMITTED_REGION=rs4149032;Pool=1	71	5611	2744	2410	5611	2995	2616	215	215	215
chr1	97573744	97573954	AMPL3925926	SUBMITTED_REGION=rs56038477,rs78060119;Pool=1	94	5615	2728	2396	5615	2932	2683	211	211	211
chr5	75355087	75355309	AMPL3926083	SUBMITTED_REGION=rs3846662;Pool=1	91	5677	2288	2660	5677	2782	2895	223	223	223
chr16	31090860	31091012	AMPL2669878	SUBMITTED_REGION=rs7294;Pool=1	79	5687	2195	2360	5687	2411	3276	153	153	153
chr16	31092457	31092671	AMPL3698530	SUBMITTED_REGION=rs2359612;Pool=2	120	5722	1779	2420	5722	2779	2943	215	215	215
chr2	233757043	233757264	AMPL3922005	SUBMITTED_REGION=rs10929302;Pool=1	123	5724	2456	2276	5724	2730	2994	222	222	222
chr5	7870696	7870919	AMPL3882451	SUBMITTED_REGION=rs1801394;Pool=1	89	5729	2244	2059	5729	2760	2969	224	224	224
chr1	201091877	201092104	AMPL2527736	SUBMITTED_REGION=rs772226819;Pool=2	136	5732	747	1284	5732	973	4759	228	228	206
chr11	113475585	113475809	AMPL3922139	SUBMITTED_REGION=rs1799978;Pool=2	128	5737	3015	2308	5737	3217	2520	225	225	225
chr20	3213068	3213283	AMPL2455262	SUBMITTED_REGION=rs1127354,rs7270101;Pool=2	90	5741	2297	2459	5741	2597	3144	216	216	216
chr1	236885079	236885303	AMPL3926605	SUBMITTED_REGION=rs1805087;Pool=2	72	5787	2420	2742	5787	2726	3061	225	225	225
chr19	41007142	41007347	AMPL3926414	SUBMITTED_REGION=2B7P12B6In4Ex5;Pool=1	102	20947	1542	2147	5800	2311	3489	206	206	206
chrX	114903548	114903769	AMPL3922113	SUBMITTED_REGION=rs1414334;Pool=1	98	5813	2488	2857	5813	2873	2940	222	222	222
chr7	99676070	99676290	AMPL2669853	SUBMITTED_REGION=rs28383468,rs28383469,rs55817950;Pool=1	99	5817	2400	2439	5817	3027	2790	221	221	221
chr2	168914553	168914775	AMPL3926307	SUBMITTED_REGION=rs10497346;Pool=1	76	5838	2005	1631	5838	3011	2827	223	223	223
chr19	38444003	38444225	AMPL2534403	SUBMITTED_REGION=rs118192161,rs193922753;Pool=1	135	5850	2795	1725	5850	3274	2576	223	223	223
chr7	128238576	128238754	AMPL3926148	SUBMITTED_REGION=rs7799039;Pool=2	64	5859	2636	2698	5859	2938	2921	179	179	179
chr2	169154368	169154590	AMPL3926533	SUBMITTED_REGION=rs2075252;Pool=2	78	5876	1884	2136	5876	3323	2553	223	223	223
chr3	93935036	93935261	AMPL3926262	SUBMITTED_REGION=rs8178607;Pool=2	76	5887	2232	713	5887	2673	3214	226	226	225
chrX	154532649	154532857	AMPL3926573	SUBMITTED_REGION=rs1057518975,rs137852316,rs137852320,rs137852321,rs137852322,rs137852325,rs137852329,rs137852333,rs137852334,rs137852335,rs137852345,rs1557229683,rs371489738;Pool=1	135	16129	1974	24	5947	3097	2850	209	209	208
chr10	94852640	94852852	AMPL2670129	SUBMITTED_REGION=rs118203759,rs192154563,rs56337013;Pool=2	92	6013	2739	2622	6013	3026	2987	213	213	213
chr1	65592753	65592972	AMPL2876954	SUBMITTED_REGION=rs1137101;Pool=2	78	6018	2665	2669	6018	3000	3018	220	220	220
chr13	48037717	48037949	AMPL3213818	SUBMITTED_REGION=rs186364861,rs746071566,rs766023281;Pool=1	162	6023	2363	205	6023	2492	3531	233	233	233
chr19	40991192	40991418	AMPL3926446	SUBMITTED_REGION=2B6Ex1F,rs34223104,rs34883432,rs8192709;Pool=2	132	25101	1848	2206	6051	2864	3187	227	227	227
chr19	38580202	38580425	AMPL3656717	SUBMITTED_REGION=rs118192168,rs193922878;Pool=1	159	22113	1969	1157	6053	3459	2594	224	224	224
chr1	97450032	97450212	AMPL3926439	SUBMITTED_REGION=rs17376848,rs3918290,rs59086055,rs72549303;Pool=1	81	6076	2919	2691	6076	3090	2986	181	181	181
chr19	38580039	38580267	AMPL3869859	SUBMITTED_REGION=rs121918595,rs193922876;Pool=2	150	11565	2783	2349	6081	3175	2906	229	229	229
chr19	41007760	41007987	AMPL3926280	SUBMITTED_REGION=2B7P12B6In4Ex5;Pool=1	113	9620	2004	1503	6081	3190	2891	228	228	228
chr19	40944362	40944578	AMPL3926290	SUBMITTED_REGION=2B7Ex7F;Pool=1	121	17511	2411	2471	6083	3226	2857	217	217	217
chr7	117559471	117559690	AMPL3806487	SUBMITTED_REGION=rs113993960;Pool=2	80	6088	2461	2574	6088	2879	3209	220	220	220
chr10	95038791	95039016	AMPL3893712	SUBMITTED_REGION=rs10509681;Pool=2	86	6107	2616	2693	6107	2943	3164	226	226	226
chr5	79126096	79126315	AMPL2877051	SUBMITTED_REGION=rs3733890;Pool=1	96	6117	1899	3269	6118	2195	3923	220	220	220
chr6	29853359	29853517	AMPL3926037	SUBMITTED_REGION=rs17179220;Pool=2	85	6167	430	3741	6167	1517	4650	159	159	159
chr5	96423143	96423364	AMPL3916731	SUBMITTED_REGION=rs145592525;Pool=1	104	6169	204	2334	6169	3607	2562	222	222	222
chr6	31376317	31376537	AMPL2636899	SUBMITTED_REGION=rs149663102;Pool=2	100	6182	2524	2105	6182	2711	3471	221	221	221
chr6	25850696	25850915	AMPL3926316	SUBMITTED_REGION=rs34376145,rs34902660;Pool=2	90	12191	2647	1998	6190	3516	2674	220	220	220
chr12	21219332	21219551	AMPL3926394	SUBMITTED_REGION=rs11045872;Pool=1	95	6222	2673	2906	6222	2887	3335	220	220	220
chr2	168973645	168973864	AMPL3926417	SUBMITTED_REGION=rs2287622;Pool=1	97	6227	3255	2671	6227	3385	2842	220	220	220
chr7	99648148	99648375	AMPL2670263	SUBMITTED_REGION=rs15524;Pool=2	88	6258	3429	2269	6258	3623	2635	228	228	228
chr6	25850499	25850724	AMPL3926627	SUBMITTED_REGION=rs56027330;Pool=1	93	11812	2797	2578	6268	3174	3094	226	226	226
chr8	18400275	18400494	AMPL3221014	SUBMITTED_REGION=rs1041983,rs1799929,rs1801280;Pool=2	106	6299	3186	2514	6303	3464	2839	220	220	220
chr19	40940663	40940865	AMPL3926305	SUBMITTED_REGION=2B7P12B6In4Ex5;Pool=1	72	13483	2059	2065	6334	3928	2406	203	203	203
chr13	46897258	46897480	AMPL2455437	SUBMITTED_REGION=rs6311;Pool=2	95	6357	2457	3077	6357	2748	3609	223	223	223
chrX	154532042	154532249	AMPL2520567	SUBMITTED_REGION=rs137852344,rs137852348,rs1603411177;Pool=2	132	12065	1305	258	6396	2079	4317	208	208	119
chr7	117642399	117642593	AMPL2476501	SUBMITTED_REGION=rs11971167,rs121909041,rs267606723,rs74503330;Pool=2	84	6407	2929	2753	6407	3179	3228	195	195	195
chr1	169549683	169549906	AMPL3843424	SUBMITTED_REGION=rs6025;Pool=1	95	6443	2891	2642	6443	3246	3197	224	224	224
chr1	173909553	173909777	AMPL2994997	SUBMITTED_REGION=rs5877;Pool=2	124	6450	2707	2556	6450	3159	3291	225	225	225
chr6	31359917	31360034	AMPL3926062	SUBMITTED_REGION=rs78090769;Pool=2	36	6463	3236	2827	6464	3398	3066	118	118	118
chr1	247416047	247416270	AMPL3926010	SUBMITTED_REGION=rs3738448;Pool=1	121	6536	2603	2871	6536	3080	3456	224	224	224
chr19	40938812	40939029	AMPL3926511	SUBMITTED_REGION=2B7Ex4;Pool=1	107	17586	2423	2952	6595	3382	3213	218	218	218
chr2	233693452	233693673	AMPL3547921	SUBMITTED_REGION=rs17863783;Pool=1	109	6605	1278	2633	6605	3358	3247	222	222	222
chr7	99767334	99767551	AMPL3922159	SUBMITTED_REGION=rs4646437;Pool=2	97	6614	2581	3320	6614	2975	3639	218	218	218
chr6	31417648	31417855	AMPL3926382	SUBMITTED_REGION=rs181377228;Pool=1	104	6625	2633	2319	6625	3431	3194	208	208	208
chr6	31039051	31039273	AMPL3926392	SUBMITTED_REGION=rs9262558;Pool=2	104	6638	3067	3022	6638	3343	3295	223	223	223
chr10	94709096	94709264	AMPL3926333	SUBMITTED_REGION=rs11188059;Pool=2	62	6639	3042	2949	6639	3299	3340	169	169	169
chr1	97234857	97235080	AMPL3327030	SUBMITTED_REGION=rs56005131;Pool=1	97	6700	2812	1929	6700	3053	3647	224	224	224
chr2	169014329	169014557	AMPL3926128	SUBMITTED_REGION=rs4148776;Pool=1	83	6718	3137	2665	6718	3821	2897	229	229	229
chr22	42142247	42142476	AMPL3926448	SUBMITTED_REGION=SP_47.3.229121;Pool=1	147	14352	2594	2684	6730	3615	3115	230	230	230
chr7	117535247	117535466	AMPL3805100	SUBMITTED_REGION=rs121908752;Pool=1	99	6747	2530	2899	6747	3287	3460	220	220	220
chr1	55039804	55040040	AMPL3657528	SUBMITTED_REGION=rs11591147,rs186669805,rs564427867,rs764603059;Pool=2	168	6771	459	29	6771	3478	3293	237	237	237
chr22	42129043	42129247	AMPL3926266	SUBMITTED_REGION=CYP2D6cnv44.3.296145,CYP2D6cnv44.3.77543,rs1058164,rs1135822,rs1135823,rs28371710,rs5030655,rs61736512;Pool=1	142	12031	2980	2011	6773	3809	2964	205	205	205
chr16	31096185	31096418	AMPL2683393	SUBMITTED_REGION=rs9923231;Pool=1	119	6795	3423	2208	6795	3908	2887	234	234	234
chr19	40844663	40844896	AMPL3926112	SUBMITTED_REGION=rs2002977,rs28399459,rs28399461,rs28399462,rs376817657,rs768255106,rs8192730;Pool=1	134	6804	2438	2760	6804	2885	3919	234	234	234
chr3	165830621	165830843	AMPL3698571	SUBMITTED_REGION=rs1799807;Pool=1	90	6807	3176	2195	6807	3460	3347	223	223	223
chr1	236865164	236865390	AMPL3926607	SUBMITTED_REGION=rs3768142;Pool=1	89	6832	2957	3318	6832	3184	3648	227	227	227
chr19	40844147	40844335	AMPL3926273	SUBMITTED_REGION=rs145026630,rs570351602;Pool=2	72	7985	3347	3056	6837	3530	3307	189	189	189
chr1	28855012	28855235	AMPL3926100	SUBMITTED_REGION=rs508448;Pool=1	108	6888	2773	2820	6888	2928	3960	224	224	224
chr22	42128925	42129163	AMPL2654393	SUBMITTED_REGION=CYP2D6cnv44.3.296145,CYP2D6cnv44.3.77543,rs1058164,rs1135824,rs28371710,rs3892097,rs5030655,rs5030865,rs61736512,rs72549356;Pool=2	164	20559	5	5	6890	3573	3317	164	155	155
chrX	154533382	154533589	AMPL3220508	SUBMITTED_REGION=rs74575103;Pool=1	131	7414	2627	2823	6912	3600	3312	208	208	208
chr10	94780508	94780728	AMPL2614777	SUBMITTED_REGION=rs140278421,rs4986893;Pool=1	88	6924	2395	905	6924	3333	3591	221	221	221
chr6	31138552	31138768	AMPL3547710	SUBMITTED_REGION=rs9263726;Pool=1	124	6931	2694	3107	6931	3585	3346	217	217	217
chr6	30978278	30978500	AMPL3926585	SUBMITTED_REGION=rs2844682;Pool=1	109	6933	2999	2346	6933	3302	3631	223	223	223
chr15	74748839	74749058	AMPL3925938	SUBMITTED_REGION=rs12720461,rs2069526;Pool=1	115	6941	3021	2918	6941	3613	3328	220	220	220
chr22	42128083	42128319	AMPL3926159	SUBMITTED_REGION=CYP2D6cnvs1.1.2.136070,SP_11.10547,rs1135828,rs35742686,rs367543000,rs5030656,rs72549352,rs72549353,rs77913725;Pool=1	149	19283	81	103	6980	4296	2684	237	237	237
chr19	41012910	41013128	AMPL3926336	SUBMITTED_REGION=2B6Ex8;Pool=2	92	14621	2041	3145	7008	3506	3502	219	219	219
chr7	117611587	117611784	AMPL3873978	SUBMITTED_REGION=rs121909020,rs150212784,rs186045772,rs202179988,rs397508513,rs78769542;Pool=2	81	9826	3655	2950	7034	3844	3190	198	198	198
chr4	88131124	88131346	AMPL3564052	SUBMITTED_REGION=rs2231142;Pool=2	82	7051	2921	2071	7051	3066	3985	223	223	223
chr6	39357132	39357355	AMPL3921984	SUBMITTED_REGION=rs20455;Pool=1	98	7076	3324	2996	7076	3540	3536	224	224	224
chr19	40941911	40942106	AMPL3926024	SUBMITTED_REGION=2B7Ex6F;Pool=1	110	17860	2848	3171	7080	3272	3808	196	196	196
chr19	41031027	41031197	AMPL3926071	SUBMITTED_REGION=Hs07146767_cn;Pool=1	78	7083	3963	2543	7083	4248	2835	171	171	171
chr6	31294823	31295043	AMPL788371	SUBMITTED_REGION=rs111664408,rs186302377;Pool=2	94	7085	3000	3628	7085	3155	3930	221	221	221
chr12	21215709	21215931	AMPL2455276	SUBMITTED_REGION=rs2900478;Pool=2	74	7100	579	1391	7100	3475	3625	223	223	222
chr19	40847675	40847848	AMPL3926572	SUBMITTED_REGION=rs72549440;Pool=1	82	7102	3156	3481	7102	3413	3689	174	174	174
chr10	119371760	119371981	AMPL3926342	SUBMITTED_REGION=rs10787959;Pool=1	119	7109	2848	3036	7109	3470	3639	222	222	222
chr19	38502164	38502303	AMPL3926649	SUBMITTED_REGION=rs2915947;Pool=1	52	7130	3136	3423	7130	3424	3706	140	140	140
chr19	40936415	40936642	AMPL3926408	SUBMITTED_REGION=2B7Ex2and3;Pool=1	122	18665	2621	1374	7184	2872	4312	228	228	228
chr6	25849808	25850028	AMPL3925973	SUBMITTED_REGION=rs11966370;Pool=1	95	7188	3506	2184	7188	3653	3535	221	221	221
chr2	210675608	210675830	AMPL2520363	SUBMITTED_REGION=rs1047891;Pool=1	92	7203	3459	2857	7203	4061	3142	223	223	223
chr7	99766242	99766457	AMPL3698575	SUBMITTED_REGION=rs4646438;Pool=1	94	7206	3548	3093	7206	3962	3244	216	216	216
chr10	94762642	94762851	AMPL3843420	SUBMITTED_REGION=rs17882687,rs28399504,rs55752064;Pool=1	97	7215	3155	3174	7215	3443	3772	210	210	210
chr6	31223063	31223204	AMPL3926343	SUBMITTED_REGION=rs12662501;Pool=2	85	7289	3104	3700	7289	3297	3992	142	142	142
chr16	31094501	31094653	AMPL2687120	SUBMITTED_REGION=rs61742245;Pool=2	111	7292	774	2863	7292	4264	3028	153	153	153
chr4	99307738	99307955	AMPL3658888	SUBMITTED_REGION=rs2066702,rs75967634;Pool=1	98	7328	2774	3335	7328	3358	3970	218	218	218
chr19	41008569	41008788	AMPL3926026	SUBMITTED_REGION=2B7P12B6In4Ex5;Pool=2	80	10487	3315	2848	7339	3819	3520	220	220	220
chr19	38584815	38585041	AMPL2530194	SUBMITTED_REGION=rs118192170;Pool=1	136	7380	257	4396	7380	1527	5853	227	227	227
chr19	40939008	40939226	AMPL3925985	SUBMITTED_REGION=2B7Ex4;Pool=2	113	16237	2959	2475	7408	3972	3436	219	219	219
chr19	41012594	41012820	AMPL3926092	SUBMITTED_REGION=2B6Ex7,2B6Ex8;Pool=2	101	17835	3030	3131	7412	3622	3790	227	227	227
chr6	29891342	29891543	AMPL3926052	SUBMITTED_REGION=rs185367427;Pool=1	89	7416	669	1930	7416	3806	3610	202	202	202
chr19	40940527	40940749	AMPL3926208	SUBMITTED_REGION=2B7P12B6In4Ex5;Pool=2	105	13906	1883	1902	7425	2867	4558	223	223	223
chr6	31044670	31044890	AMPL3926300	SUBMITTED_REGION=rs9262570;Pool=1	88	7430	3410	1912	7430	3534	3896	221	221	221
chr10	94981139	94981356	AMPL3923154	SUBMITTED_REGION=rs1057910,rs1250577724,rs28371685,rs28371686,rs56165452,rs57505750,rs750820937;Pool=1	106	7434	3467	2675	7434	4041	3393	218	218	218
chr7	117603549	117603771	AMPL3926344	SUBMITTED_REGION=rs397508442;Pool=1	90	7474	2721	3247	7474	4048	3426	223	223	223
chr19	40846992	40847228	AMPL3926283	SUBMITTED_REGION=rs28399447,rs28399448,rs3891219,rs56113850,rs72549441;Pool=2	116	7494	3014	2378	7490	3785	3705	237	237	237
chr6	18143708	18143839	AMPL3658615	SUBMITTED_REGION=rs111901354,rs1800462;Pool=2	38	11707	3635	3584	7493	3750	3743	132	132	132
chr22	42619654	42619830	AMPL3925937	SUBMITTED_REGION=rs121965012,rs121965016;Pool=1	128	7497	979	3454	7495	2668	4827	177	177	177
chr2	233759805	233760026	AMPL2683295	SUBMITTED_REGION=rs887829;Pool=2	98	7520	3035	3534	7520	3506	4014	222	222	222
chr7	117540185	117540407	AMPL3806796	SUBMITTED_REGION=rs121908753,rs77932196;Pool=2	86	7545	3337	3132	7545	3834	3711	223	223	223
chr6	31038795	31039019	AMPL3926197	SUBMITTED_REGION=rs9262557;Pool=1	101	7582	2781	3767	7580	3344	4236	225	225	225
chr7	99768651	99768860	AMPL2614783	SUBMITTED_REGION=rs35599367;Pool=1	97	7599	3221	3503	7599	3376	4223	210	210	210
chr19	40845152	40845315	AMPL3925984	SUBMITTED_REGION=rs72547582;Pool=1	93	8716	3436	3426	7606	3644	3962	164	164	164
chr19	41009990	41010161	AMPL2683239	SUBMITTED_REGION=2B6Ex6,rs34698757;Pool=2	97	24020	3212	3516	7608	3517	4091	172	172	172
chr13	46837668	46837889	AMPL3922066	SUBMITTED_REGION=rs7997012;Pool=2	92	7629	933	3831	7629	3624	4005	222	222	222
chr10	94947859	94948029	AMPL2683294	SUBMITTED_REGION=rs1326630788;Pool=2	60	9591	3562	662	7632	4172	3460	171	171	171
chr19	38440702	38440912	AMPL2528979	SUBMITTED_REGION=rs193922747,rs193922748;Pool=1	147	7718	3150	3064	7718	3692	4026	211	211	211
chr15	74754951	74755177	AMPL2829223	SUBMITTED_REGION=rs2470890;Pool=2	132	21280	52	2629	7720	4534	3186	227	227	227
chr7	99769694	99769901	AMPL3220536	SUBMITTED_REGION=rs4986907;Pool=2	105	7731	2588	4199	7731	3038	4693	208	208	208
chr10	94938588	94938808	AMPL3926226	SUBMITTED_REGION=rs114071557,rs67807361;Pool=1	105	7775	3149	3693	7739	3681	4058	221	221	221
chr10	119348328	119348521	AMPL3926075	SUBMITTED_REGION=rs11198893;Pool=2	95	7779	3270	3853	7779	3566	4213	194	194	194
chr19	41012801	41012991	AMPL3926317	SUBMITTED_REGION=2B6Ex8;Pool=1	82	21342	2461	2659	7801	3769	4032	191	191	191
chr6	31306705	31306928	AMPL2876418	SUBMITTED_REGION=rs10484554;Pool=1	132	7828	3269	1085	7828	4944	2884	224	224	224
chr19	40923979	40924200	AMPL3925996	SUBMITTED_REGION=2B7Ex1;Pool=1	102	18271	3418	3732	7861	3910	3951	222	222	222
chr6	31363357	31363583	AMPL3926204	SUBMITTED_REGION=rs115986568;Pool=2	82	15709	2790	3291	7864	3042	4822	227	227	223
chr10	94735375	94735597	AMPL3926379	SUBMITTED_REGION=rs2860840;Pool=1	112	7869	2710	3126	7869	4514	3355	223	223	223
chr22	42131530	42131685	AMPL3926518	SUBMITTED_REGION=Hs04078252_cn;Pool=1	97	7912	3761	3400	7912	4257	3655	156	156	156
chr6	32371456	32371679	AMPL3926590	SUBMITTED_REGION=rs2076536;Pool=1	94	7947	2940	3550	7947	3584	4363	224	224	224
chr19	40845621	40845788	AMPL3926137	SUBMITTED_REGION=rs55971367,rs56048590;Pool=2	87	21443	3293	3456	8011	3752	4259	168	168	168
chr11	46739354	46739575	AMPL2951004	SUBMITTED_REGION=rs1799963;Pool=1	104	8049	3506	3902	8049	3766	4283	222	222	222
chr1	28835063	28835285	AMPL3926084	SUBMITTED_REGION=rs2236857;Pool=2	132	8078	2985	3692	8078	3947	4131	223	223	223
chr19	11116864	11117086	AMPL3813250	SUBMITTED_REGION=rs688;Pool=2	118	8086	947	1614	8086	4021	4065	223	223	223
chr19	40944948	40945170	AMPL3926099	SUBMITTED_REGION=2B7Ex7F;Pool=2	94	10020	2734	3419	8133	4386	3747	223	223	223
chr1	28835414	28835637	AMPL3926424	SUBMITTED_REGION=rs2236855;Pool=1	121	8147	3323	3473	8147	4195	3952	224	224	224
chrX	154545981	154546179	AMPL2520566	SUBMITTED_REGION=rs1163458456,rs137852338,rs137852340;Pool=1	114	8150	4109	3347	8150	4561	3589	199	199	199
chr11	113396088	113396311	AMPL3926569	SUBMITTED_REGION=rs7118900;Pool=2	141	8165	4030	1262	8165	4606	3559	224	224	224
chr6	18133824	18133970	AMPL3926122	SUBMITTED_REGION=rs6921269,rs75543815;Pool=1	63	8174	3952	3791	8174	4156	4018	147	147	147
chr12	21205923	21206052	AMPL3926541	SUBMITTED_REGION=rs59502379;Pool=1	49	8177	3545	4132	8177	3810	4367	130	130	130
chr6	31363227	31363394	AMPL3926556	SUBMITTED_REGION=rs117901686;Pool=1	65	14633	3652	2072	8190	4231	3959	168	168	168
chr10	94775050	94775273	AMPL2683330	SUBMITTED_REGION=rs118203756,rs145328984,rs17878459;Pool=2	109	17054	2822	3748	8193	3992	4201	224	224	224
chr6	31272679	31272860	AMPL3698527	SUBMITTED_REGION=rs9357121;Pool=2	64	8212	3732	3244	8212	4112	4100	182	182	182
chr6	26093681	26093906	AMPL3926643	SUBMITTED_REGION=rs2858996;Pool=2	101	8228	2675	3968	8228	3646	4582	226	226	226
chr19	40850124	40850352	AMPL1052469	SUBMITTED_REGION=rs28399435;Pool=1	132	8238	2770	3389	8238	4210	4028	229	229	229
chr1	97593267	97593491	AMPL3925964	SUBMITTED_REGION=rs72549306;Pool=1	104	8271	3550	3703	8271	3933	4338	225	225	225
chr19	40844919	40845140	AMPL3926029	SUBMITTED_REGION=rs28399456,rs8192729;Pool=2	107	8293	3477	3194	8273	3692	4581	222	222	222
chr7	99660390	99660614	AMPL2670217	SUBMITTED_REGION=rs28383479;Pool=2	102	8273	3787	1850	8273	4794	3479	225	225	225
chr19	40936202	40936438	AMPL3926058	SUBMITTED_REGION=2B7Ex2and3;Pool=2	136	13829	1415	407	8283	4324	3959	237	237	237
chr19	40846053	40846278	AMPL3926609	SUBMITTED_REGION=rs2644905;Pool=2	124	16039	3208	3137	8303	4148	4155	226	226	226
chr19	41009839	41010026	AMPL3926679	SUBMITTED_REGION=2B6Ex6;Pool=1	105	20242	3967	3687	8325	4294	4031	188	188	188
chr9	84285858	84286081	AMPL3926272	SUBMITTED_REGION=rs7853758;Pool=2	105	8325	3243	2013	8325	4591	3734	224	224	224
chr6	31384009	31384234	AMPL3926636	SUBMITTED_REGION=rs114607072;Pool=1	124	8366	2354	48	8366	4201	4165	226	226	226
chr10	119340549	119340769	AMPL3926409	SUBMITTED_REGION=rs4752292;Pool=1	101	8369	4233	3561	8369	4501	3868	221	221	221
chr1	28848350	28848573	AMPL3926500	SUBMITTED_REGION=rs529520;Pool=2	108	8398	2779	3827	8398	4010	4388	224	224	224
chr1	201060719	201060940	AMPL3658329	SUBMITTED_REGION=rs1800559;Pool=1	129	8407	2589	3288	8407	3566	4841	222	222	222
chr22	42132352	42132577	AMPL3926306	SUBMITTED_REGION=rs1080985;Pool=2	117	8425	2986	3112	8425	4293	4132	226	226	226
chr5	7877958	7878178	AMPL3926039	SUBMITTED_REGION=rs1532268;Pool=2	110	8440	3765	3919	8440	4189	4251	221	221	221
chr6	29962798	29962937	AMPL3926624	SUBMITTED_REGION=rs148590958;Pool=1	62	8452	4201	3527	8452	4485	3967	140	140	140
chr4	9887147	9887339	AMPL3926599	SUBMITTED_REGION=rs62293298;Pool=1	84	8466	3542	4355	8466	3797	4669	193	193	193
chr16	31094156	31094380	AMPL2878456	SUBMITTED_REGION=rs2884737;Pool=1	140	8491	4013	2747	8491	5349	3142	225	225	225
chr19	11131286	11131509	AMPL2474078	SUBMITTED_REGION=rs14158;Pool=2	114	8506	3471	3598	8506	4217	4289	224	224	224
chr7	128241906	128242130	AMPL3926237	SUBMITTED_REGION=rs4731426;Pool=1	107	8511	3822	3908	8511	4254	4257	225	225	225
chr16	31093366	31093590	AMPL2455120	SUBMITTED_REGION=rs9934438;Pool=2	139	8518	63	2905	8518	4305	4213	225	225	225
chr7	99652471	99652692	AMPL3843422	SUBMITTED_REGION=rs28365083;Pool=1	104	8841	3715	3890	8585	4301	4284	222	222	222
chr7	99761973	99762188	AMPL3926152	SUBMITTED_REGION=rs12721629,rs4986909;Pool=2	108	8600	3999	17	8600	4509	4091	216	216	216
chr5	75319118	75319302	AMPL3547923	SUBMITTED_REGION=rs17671591;Pool=2	85	8643	4130	4035	8643	4277	4366	185	185	185
chr19	38496236	38496449	AMPL2683370	SUBMITTED_REGION=rs118192177;Pool=1	140	8651	3519	2272	8651	4067	4584	214	214	214
chr10	114044184	114044412	AMPL3926623	SUBMITTED_REGION=rs1801252;Pool=1	166	8693	2114	2113	8693	3922	4771	229	229	229
chr6	31367984	31368069	AMPL3926293	SUBMITTED_REGION=rs57989216;Pool=2	29	8722	4458	3970	8722	4566	4156	86	86	86
chr6	31232770	31232937	AMPL3926310	SUBMITTED_REGION=rs7739334;Pool=1	66	8727	4089	4186	8727	4248	4479	168	168	168
chr19	41010133	41010335	AMPL3926030	SUBMITTED_REGION=2B6Ex6;Pool=1	112	16134	3821	4183	8732	4059	4673	203	203	203
chr2	27507990	27508213	AMPL2421929	SUBMITTED_REGION=rs1260326;Pool=1	128	8738	3256	3762	8738	4359	4379	224	224	224
chr22	42141702	42141936	AMPL2686855	SUBMITTED_REGION=SP_11.10547;Pool=1	147	16785	34	64	8744	4596	4148	235	172	161
chr6	31274872	31274987	AMPL3926598	SUBMITTED_REGION=rs12199223;Pool=1	40	8778	3575	2954	8778	4119	4659	116	116	116
chr6	31040773	31040930	AMPL3926270	SUBMITTED_REGION=rs9262560;Pool=2	62	8794	3945	4062	8794	4279	4515	158	158	158
chr6	31354958	31355148	AMPL3698526	SUBMITTED_REGION=rs144012689,rs3819284;Pool=2	111	8803	3807	3744	8803	4626	4177	191	191	191
chr7	99763649	99763870	AMPL2842649	SUBMITTED_REGION=rs2242480;Pool=1	90	8814	1514	3865	8813	4597	4216	222	222	222
chr10	94942210	94942430	AMPL3843418	SUBMITTED_REGION=rs12414460,rs1799853,rs199523631,rs200183364,rs200965026,rs72558189,rs754487195,rs767576260,rs774607211,rs7900194;Pool=2	111	8825	4028	2027	8825	4320	4505	221	221	221
chr19	40845853	40846061	AMPL3926499	SUBMITTED_REGION=rs148693084,rs28399451;Pool=1	127	16490	3174	2733	8834	4297	4537	209	209	209
chr22	42129232	42129466	AMPL3926677	SUBMITTED_REGION=CYP2D6cnv44.3.101897,CYP2D6cnv44.3.77543;Pool=2	159	14830	335	5	8839	5248	3591	235	235	234
chr19	38499550	38499747	AMPL2683265	SUBMITTED_REGION=rs121918596,rs193922802,rs193922803,rs193922807,rs2228071;Pool=1	133	8866	3328	3644	8866	4424	4442	198	198	198
chr22	42142408	42142646	AMPL3926095	SUBMITTED_REGION=SP_47.3.229121;Pool=2	162	14976	2898	1923	8890	4962	3928	239	239	239
chr19	40849549	40849730	AMPL3926217	SUBMITTED_REGION=rs138920918,rs56145769;Pool=2	104	8925	3524	3182	8894	3840	5054	182	182	182
chr10	94972157	94972363	AMPL3926222	SUBMITTED_REGION=rs1237225311,rs72558192,rs988617574;Pool=2	87	8904	3782	4241	8906	4490	4416	207	207	207
chr5	175443109	175443307	AMPL3698589	SUBMITTED_REGION=rs4532;Pool=1	110	8907	4006	3977	8907	4479	4428	199	199	199
chr3	122284896	122285111	AMPL3651466	SUBMITTED_REGION=rs1042636;Pool=1	129	8909	3554	4085	8909	4277	4632	216	216	216
chrX	154532432	154532639	AMPL3926505	SUBMITTED_REGION=rs137852323,rs137852336,rs137852337,rs1557229599,rs2230037,rs782098548;Pool=2	129	18404	4237	4017	8920	4575	4345	208	208	208
chr19	40849786	40850018	AMPL3926297	SUBMITTED_REGION=rs368758891;Pool=2	148	20591	686	2033	8928	5095	3833	233	233	233
chr1	28824636	28824774	AMPL3926298	SUBMITTED_REGION=rs797397;Pool=1	59	8951	3713	4561	8951	3987	4964	139	139	139
chr22	42627355	42627561	AMPL2285700	SUBMITTED_REGION=Arg192Cysc574CT;Pool=2	143	8971	3860	2627	8968	4875	4093	207	207	207
chr19	40936632	40936781	AMPL3926567	SUBMITTED_REGION=2B7Ex2and3;Pool=2	76	15919	3400	4763	8970	3687	5283	150	150	150
chr10	119430409	119430609	AMPL3926495	SUBMITTED_REGION=rs915120;Pool=2	112	9012	3700	2095	9012	4832	4180	201	201	201
chr19	41004276	41004499	AMPL3926033	SUBMITTED_REGION=2B6Ex2F,rs12721655;Pool=1	121	13488	4248	2871	9013	4667	4346	224	224	224
chr6	30067132	30067333	AMPL3925956	SUBMITTED_REGION=rs1150738;Pool=1	122	9020	4048	3030	9020	4505	4515	202	202	202
chr1	247424074	247424298	AMPL2590459	SUBMITTED_REGION=rs3806268,rs7525979;Pool=2	128	9036	4033	3712	9036	4686	4350	225	225	225
chr2	127418147	127418360	AMPL3926292	SUBMITTED_REGION=rs1799808;Pool=1	119	9037	3789	3349	9037	4333	4704	214	214	214
chr6	154039662	154039883	AMPL3218698	SUBMITTED_REGION=rs1799971;Pool=1	138	9060	4335	3502	9060	4941	4119	222	222	222
chr6	31379238	31379452	AMPL3926557	SUBMITTED_REGION=rs79815527;Pool=1	99	9066	1985	5616	9066	2932	6134	215	215	215
chr19	11091553	11091774	AMPL2455160	SUBMITTED_REGION=rs6511720;Pool=1	97	9076	2064	3546	9076	4449	4627	222	222	222
chr6	33113813	33113949	AMPL3926652	SUBMITTED_REGION=rs11751659;Pool=2	78	9082	4214	4177	9082	4581	4501	137	137	137
chr10	94775188	94775393	AMPL3925992	SUBMITTED_REGION=rs12769205;Pool=1	108	17015	3793	3989	9084	4644	4440	206	206	206
chr19	38446650	38446858	AMPL2528865	SUBMITTED_REGION=rs1801086;Pool=2	125	9088	4061	3111	9088	4231	4857	209	209	209
chr19	40935716	40935944	AMPL3925997	SUBMITTED_REGION=2B7Ex2and3;Pool=1	93	9573	4032	4263	9090	4555	4535	229	229	229
chr6	31026370	31026565	AMPL3926608	SUBMITTED_REGION=rs6928038;Pool=1	112	9101	4227	3945	9101	4610	4491	196	196	196
chr19	45409292	45409513	AMPL3220920	SUBMITTED_REGION=rs3212986;Pool=2	140	9111	2820	715	9111	4268	4843	222	222	222
chr2	85550433	85550654	AMPL3068691	SUBMITTED_REGION=rs11676382;Pool=2	102	9114	441	2902	9114	4636	4478	222	222	222
chr6	31298295	31298486	AMPL3926134	SUBMITTED_REGION=rs4406273;Pool=1	76	9128	4252	3064	9128	4495	4633	192	192	192
chr6	31441780	31441996	AMPL3925920	SUBMITTED_REGION=rs140991764;Pool=1	132	9133	1632	2578	9133	4590	4543	217	217	217
chr6	31434481	31434642	AMPL3926656	SUBMITTED_REGION=rs148792134;Pool=1	70	9136	3825	4121	9136	3994	5142	162	162	162
chr1	247425457	247425677	AMPL2591404	SUBMITTED_REGION=rs35829419;Pool=1	122	9138	4066	4400	9138	4500	4638	221	221	221
chr15	74753221	74753430	AMPL2669949	SUBMITTED_REGION=rs55889066,rs56107638;Pool=1	93	9157	4270	3266	9157	4865	4292	210	210	210
chr10	94941871	94942065	AMPL611665	SUBMITTED_REGION=rs72558187,rs762239445;Pool=1	96	9213	3402	4401	9213	4109	5104	195	195	195
chr6	31039413	31039628	AMPL3926442	SUBMITTED_REGION=rs9262559;Pool=1	89	9248	3904	4594	9248	4464	4784	216	216	216
chr7	99763885	99764087	AMPL3219300	SUBMITTED_REGION=rs28371759;Pool=2	88	9174	3980	4797	9254	4133	5121	203	203	203
chr19	40940800	40940983	AMPL3926591	SUBMITTED_REGION=2B7P12B6In4Ex5;Pool=2	65	13800	217	166	9273	4346	4927	184	175	130
chr1	55043826	55044045	AMPL2473609	SUBMITTED_REGION=rs747072726,rs766999045;Pool=1	142	9323	4720	2828	9323	6184	3139	220	220	220
chr6	27217913	27218140	AMPL3926561	SUBMITTED_REGION=rs3800307;Pool=1	117	9362	3692	3531	9362	4416	4946	228	228	228
chr6	29930901	29931129	AMPL3926515	SUBMITTED_REGION=rs12665140;Pool=1	108	9372	3090	3626	9373	5049	4324	229	229	229
chr19	11120070	11120292	AMPL3206391	SUBMITTED_REGION=rs5925;Pool=1	112	9379	3970	3924	9379	5210	4169	223	223	223
chr2	233760149	233760370	AMPL3926012	SUBMITTED_REGION=rs3064744;Pool=1	117	9383	455	2481	9379	4048	5331	222	222	222
chr19	40942204	40942397	AMPL3926630	SUBMITTED_REGION=2B7Ex6F;Pool=1	107	20487	4310	4418	9400	4541	4859	194	194	194
chr19	38455438	38455663	AMPL2683249	SUBMITTED_REGION=rs111888148,rs144336148,rs193922768,rs193922770;Pool=2	136	9424	4702	3834	9417	5173	4244	226	226	226
chr19	41006758	41006979	AMPL2686801	SUBMITTED_REGION=rs3745274,rs3826711;Pool=1	110	9607	4115	4242	9422	4915	4507	222	222	222
chr10	94842775	94842993	AMPL2683203	SUBMITTED_REGION=rs118203757,rs138142612,rs3758581;Pool=2	113	9467	4650	3417	9467	5001	4466	219	219	219
chr15	74752129	74752277	AMPL2826083	SUBMITTED_REGION=rs72547515,rs72547516;Pool=2	97	9490	4088	4056	9490	5266	4224	149	149	149
chr19	11131906	11132131	AMPL3815207	SUBMITTED_REGION=rs1433099,rs2738466;Pool=1	130	9492	3396	3827	9492	5003	4489	226	226	226
chr1	55057242	55057468	AMPL2474072	SUBMITTED_REGION=rs137852912,rs370507566;Pool=1	141	9500	3296	3928	9500	4874	4626	227	227	227
chr2	233760900	233761124	AMPL3698587	SUBMITTED_REGION=rs35350960;Pool=1	108	9504	3676	3593	9504	4817	4687	225	225	225
chr15	74751754	74751977	AMPL2670488	SUBMITTED_REGION=rs56276455;Pool=1	122	9521	3858	4172	9521	4604	4917	224	224	224
chr2	168970021	168970244	AMPL3330319	SUBMITTED_REGION=rs11568367;Pool=2	111	9529	4132	4063	9529	5219	4310	224	224	224
chr2	169013303	169013527	AMPL3840545	SUBMITTED_REGION=rs4148777;Pool=2	93	9536	2372	3915	9536	4835	4701	225	225	225
chr19	40938594	40938756	AMPL3926207	SUBMITTED_REGION=2B7Ex4;Pool=1	86	14683	4072	4564	9548	4535	5013	163	163	163
chr22	42130807	42131042	AMPL3926327	SUBMITTED_REGION=CYP2D6cnv44.5.12580,SP_816.151728;Pool=2	146	19563	3142	2367	9548	4471	5077	236	236	236
chr22	42130539	42130751	AMPL3926166	SUBMITTED_REGION=SP_816.151728,rs1065852,rs28371696,rs5030862,rs774671100;Pool=2	137	20490	3285	3825	9550	4633	4917	213	213	213
chr11	5226911	5227135	AMPL3925989	SUBMITTED_REGION=rs334;Pool=2	121	9560	4154	3739	9560	5248	4312	225	225	225
chr18	31592830	31593051	AMPL2437874	SUBMITTED_REGION=rs28933979;Pool=2	109	9563	4446	4067	9563	5105	4458	222	222	222
chr1	28839285	28839513	AMPL3925981	SUBMITTED_REGION=rs2298897;Pool=2	97	9573	4247	3959	9573	4677	4896	229	229	229
chr15	74754665	74754856	AMPL2585603	SUBMITTED_REGION=rs28399424;Pool=2	115	9602	1432	4000	9593	5306	4287	192	192	192
chr6	31386850	31387015	AMPL3926527	SUBMITTED_REGION=rs75412754;Pool=2	82	9664	4508	4716	9664	4659	5005	166	166	166
chr5	79130971	79131198	AMPL3686529	SUBMITTED_REGION=rs763726268;Pool=2	103	9680	3786	4219	9680	4263	5417	228	228	228
chr19	40843693	40843919	AMPL3926625	SUBMITTED_REGION=rs58537201;Pool=2	145	13695	5027	3871	9685	5527	4158	227	227	227
chr22	42623837	42624050	AMPL3926672	SUBMITTED_REGION=rs121965010;Pool=2	138	9743	2022	3750	9735	4950	4785	214	214	214
chr6	30035877	30036099	AMPL3926141	SUBMITTED_REGION=rs3869066;Pool=1	93	9735	4378	4343	9735	5117	4618	223	223	223
chrX	154532237	154532461	AMPL2524124	SUBMITTED_REGION=rs137852317,rs137852324,rs137852337,rs137852344,rs1557229502,rs1557229572,rs1557229599,rs2230037,rs398123546,rs72554664,rs72554665,rs782098548;Pool=1	146	24146	3921	1216	9748	4419	5329	225	225	225
chr22	42132728	42132945	AMPL3926117	SUBMITTED_REGION=Hs04504210_cn;Pool=1	131	9758	3145	4841	9758	4323	5435	218	218	218
chr19	38579866	38580025	AMPL3652369	SUBMITTED_REGION=rs118192167;Pool=1	103	9783	4554	4284	9778	5285	4493	160	160	160
chr19	38492440	38492578	AMPL3655557	SUBMITTED_REGION=rs35364374;Pool=1	73	9799	4086	5061	9799	4452	5347	139	139	139
chrX	154535105	154535337	AMPL2523406	SUBMITTED_REGION=rs1050829,rs1191977862,rs137852313,rs137852341,rs1557230626,rs267606835,rs5030870,rs782487723,rs78365220,rs979416826;Pool=1	146	19612	4240	682	9820	4746	5074	233	233	233
chr10	94775403	94775581	AMPL3926121	SUBMITTED_REGION=rs17884712,rs41291556,rs58973490,rs72552267;Pool=2	93	9550	1225	1067	9835	4223	5612	179	179	175
chrX	154534043	154534233	AMPL2523544	SUBMITTED_REGION=rs137852319,rs137852328,rs1557230213,rs782757170;Pool=1	114	9855	4309	4664	9854	4555	5299	191	191	191
chr6	31463787	31464009	AMPL2877034	SUBMITTED_REGION=rs2395029;Pool=2	130	9867	4420	3214	9867	5417	4450	223	223	223
chr19	38499935	38500131	AMPL2683185	SUBMITTED_REGION=rs121918593,rs193922809,rs28933396;Pool=2	123	9868	3957	5014	9868	4290	5578	197	197	197
chr6	29945385	29945528	AMPL2683316	SUBMITTED_REGION=rs1061235;Pool=1	64	9902	4224	4482	9902	4807	5095	144	144	144
chr19	40944224	40944435	AMPL3926169	SUBMITTED_REGION=2B7Ex7F;Pool=2	108	15784	4419	4059	9903	5397	4506	212	212	212
chr22	42150647	42150878	AMPL3926479	SUBMITTED_REGION=SP_47.2.278149;Pool=1	148	19940	3312	2111	9926	4489	5437	232	232	232
chr19	40850371	40850550	AMPL3926228	SUBMITTED_REGION=rs1137115,rs28399433,rs28399434,rs72549432,rs757376520,rs8192720;Pool=2	92	9847	4601	4524	9963	4952	5011	180	180	180
chr19	38483095	38483317	AMPL3926107	SUBMITTED_REGION=rs146429605;Pool=2	137	9975	3885	3843	9975	4273	5702	223	223	223
chr6	63576454	63576673	AMPL3926123	SUBMITTED_REGION=PTP4A1;Pool=2	101	9989	4535	4325	9989	5228	4761	220	220	220
chr19	40848787	40848917	AMPL3926390	SUBMITTED_REGION=rs200390640;Pool=2	86	9642	4493	2809	10003	4786	5217	131	131	131
chr6	26090911	26091134	AMPL3081898	SUBMITTED_REGION=rs1799945,rs2071303;Pool=2	114	10004	4415	4018	10004	4761	5243	224	224	224
chr19	41003846	41004077	AMPL3926338	SUBMITTED_REGION=2B6Ex2F,rs281864907;Pool=1	123	20847	3777	324	10025	4416	5609	232	232	232
chr2	169196872	169197094	AMPL3926227	SUBMITTED_REGION=rs2228171;Pool=1	102	10041	4116	4590	10041	4746	5295	223	223	223
chr6	31272076	31272198	AMPL3926056	SUBMITTED_REGION=rs2074491;Pool=1	73	10050	3711	4683	10050	3816	6234	123	123	123
chr19	38543411	38543633	AMPL2532604	SUBMITTED_REGION=rs147136339;Pool=2	136	19900	3782	4062	10062	4631	5431	223	223	223
chr22	42150759	42150980	AMPL3926162	SUBMITTED_REGION=SP_47.2.278149;Pool=2	136	19868	4343	3863	10086	5499	4587	222	222	222
chr10	94988851	94989074	AMPL2683227	SUBMITTED_REGION=rs767284820,rs769942899,rs9332239;Pool=1	115	10115	3428	4556	10115	4875	5240	224	224	224
chr19	39244069	39244294	AMPL3095520	SUBMITTED_REGION=rs11881222;Pool=2	144	10125	2463	4457	10125	3458	6667	226	226	226
chr22	42129737	42129974	AMPL3923163	SUBMITTED_REGION=SP_815.4.124704,rs201377835,rs28371703,rs28371704,rs28371706;Pool=2	164	10207	664	1906	10155	5615	4540	238	238	238
chr6	31410898	31411127	AMPL3926079	SUBMITTED_REGION=rs41558312;Pool=1	140	10166	2389	4869	10166	3000	7166	230	230	230
chr19	38448662	38448803	AMPL2683362	SUBMITTED_REGION=rs121918592,rs193922762;Pool=1	93	10176	4942	3878	10176	5471	4705	142	142	142
chr7	99784462	99784533	AMPL3003349	SUBMITTED_REGION=rs2740574;Pool=1	34	10204	5067	4762	10204	5324	4880	72	72	72
chr11	64598301	64598533	AMPL3926241	SUBMITTED_REGION=rs1529909;Pool=1	154	10206	4078	2473	10206	5818	4388	233	233	233
chr22	42128543	42128732	AMPL3926631	SUBMITTED_REGION=CYP2D6cnv44.3.195567,SP_47.3.229121;Pool=2	116	31819	4282	4165	10209	5438	4771	190	190	190
chr6	29893320	29893545	AMPL3926072	SUBMITTED_REGION=rs117117960;Pool=2	118	10219	4410	3517	10219	5047	5172	226	226	226
chr19	38457513	38457739	AMPL2683361	SUBMITTED_REGION=rs118192172,rs193922772;Pool=1	119	10245	1911	3692	10245	6024	4221	227	227	227
chr2	174748043	174748268	AMPL2576500	SUBMITTED_REGION=rs137852808;Pool=2	116	10291	3369	4598	10291	4996	5295	226	226	226
chr2	27519679	27519905	AMPL3926133	SUBMITTED_REGION=rs780093;Pool=1	123	10295	4309	4609	10295	5234	5061	227	227	227
chr1	55052642	55052866	AMPL2473553	SUBMITTED_REGION=rs768795323;Pool=2	151	10327	3461	4249	10327	4455	5872	225	225	225
chrX	154532808	154533018	AMPL2520734	SUBMITTED_REGION=rs137852342,rs1557229854,rs34193178,rs398123544,rs5030869,rs587776730,rs868950643;Pool=2	135	28740	3157	507	10350	4104	6246	211	211	211
chr22	42141882	42142113	AMPL3926641	SUBMITTED_REGION=SP_11.10547;Pool=2	144	18244	43	3	10352	7174	3178	232	232	232
chr6	31377485	31377709	AMPL3926373	SUBMITTED_REGION=rs114170382;Pool=1	124	10353	4849	4149	10353	5477	4876	225	225	225
chr19	38580408	38580562	AMPL3657930	SUBMITTED_REGION=rs63749869;Pool=2	81	15130	5222	4742	10370	5433	4937	155	155	155
chr22	42127538	42127769	AMPL3040927	SUBMITTED_REGION=Hs04502391_cn,SP_47.2.278149,SP_47.2.92998,rs59421388,rs72549347;Pool=2	143	34431	1829	3810	10385	5241	5144	232	232	232
chr6	31432803	31432998	AMPL3926098	SUBMITTED_REGION=rs138117378;Pool=2	94	10388	5421	4018	10388	5889	4499	196	196	196
chr6	25607317	25607490	AMPL3926249	SUBMITTED_REGION=rs742132;Pool=2	69	10412	4570	4433	10412	4707	5705	174	174	174
chr7	99758020	99758212	AMPL3698574	SUBMITTED_REGION=rs67666821;Pool=2	84	10415	5257	4662	10415	5564	4851	193	193	193
chr10	119326564	119326730	AMPL3926637	SUBMITTED_REGION=rs2230345;Pool=1	94	10416	4720	4849	10416	4981	5435	167	167	167
chr6	31174438	31174595	AMPL3926586	SUBMITTED_REGION=rs3094188;Pool=1	78	10449	4858	5069	10449	5029	5420	158	158	158
chrX	154535321	154535541	AMPL3926488	SUBMITTED_REGION=rs1557230626,rs267606835;Pool=2	136	19845	4058	4708	10475	5030	5445	221	221	221
chr19	40848535	40848773	AMPL3926676	SUBMITTED_REGION=rs1801272,rs28399440,rs28399441,rs28399442,rs4986891,rs60563539,rs60605885,rs8192726;Pool=1	167	10504	1254	4170	10503	4798	5705	239	239	239
chr6	31037838	31038062	AMPL3925977	SUBMITTED_REGION=rs9262556;Pool=2	112	10523	4404	4743	10523	5205	5318	225	225	225
chr19	38500861	38501078	AMPL3658012	SUBMITTED_REGION=rs118192178,rs193922818;Pool=2	138	10629	5070	2483	10629	5773	4856	218	218	218
chr1	28813209	28813432	AMPL3926506	SUBMITTED_REGION=rs2236861;Pool=1	128	10660	545	3687	10660	5608	5052	224	224	224
chr19	40851827	40852034	AMPL3926281	SUBMITTED_REGION=rs111822043;Pool=2	94	10670	5059	4606	10670	5371	5299	208	208	208
chr19	40924351	40924576	AMPL3926450	SUBMITTED_REGION=2B7Ex1;Pool=1	128	21466	4462	2864	10706	5384	5322	226	226	226
chr22	42128415	42128554	AMPL3005125	SUBMITTED_REGION=CYP2D6cnv44.3.195567,CYP2D6cnvs1.1.2.136070;Pool=1	82	32274	4752	5388	10721	5083	5638	140	140	140
chr19	40949068	40949302	AMPL3925951	SUBMITTED_REGION=2B7Ex9F;Pool=2	133	23741	2222	2442	10733	4668	6065	235	235	235
chrX	154533595	154533819	AMPL3926340	SUBMITTED_REGION=rs137852318,rs137852346;Pool=2	131	10797	2524	5115	10800	4536	6264	225	225	225
chr19	38455266	38455416	AMPL2532493	SUBMITTED_REGION=rs118192162;Pool=1	83	10837	4572	5003	10834	4906	5928	151	151	151
chr6	31397295	31397465	AMPL3926018	SUBMITTED_REGION=rs138099588;Pool=1	65	10838	4163	4553	10838	4902	5936	171	171	171
chr16	69711166	69711391	AMPL3926146	SUBMITTED_REGION=rs1800566;Pool=1	105	10839	4959	4964	10839	5412	5427	226	226	226
chr2	27518366	27518575	AMPL2876970	SUBMITTED_REGION=rs780094;Pool=2	94	10851	4656	4550	10851	5033	5818	210	210	210
chr19	40991027	40991245	AMPL2669835	SUBMITTED_REGION=2B6Ex1F,rs34223104;Pool=1	103	16552	1168	5201	10907	5226	5681	219	219	219
chr19	15879532	15879642	AMPL2455381	SUBMITTED_REGION=rs2108622;Pool=2	67	10911	5181	4600	10911	5545	5366	111	111	111
chr6	31354779	31354940	AMPL3923488	SUBMITTED_REGION=rs41543314;Pool=1	86	10924	5216	4473	10922	6006	4916	162	162	162
chr5	63962621	63962845	AMPL3926447	SUBMITTED_REGION=rs6295;Pool=1	108	11004	4154	4090	11004	5671	5333	225	225	225
chr6	26092728	26092953	AMPL3055832	SUBMITTED_REGION=rs1800562;Pool=1	126	11018	3752	4776	11018	5446	5572	226	226	226
chr6	31432317	31432550	AMPL3925998	SUBMITTED_REGION=rs138130755;Pool=1	110	11018	2276	5338	11018	5351	5667	234	234	234
chr22	42126441	42126656	AMPL3926484	SUBMITTED_REGION=Hs00010001_cn,SP_47.1.274977,rs1135840,rs28371735,rs74478221,rs75467367,rs765776661,rs766507177;Pool=1	129	23592	3417	3567	11028	4589	6439	216	216	216
chr19	38499183	38499275	AMPL2683444	SUBMITTED_REGION=rs112563513,rs147213895;Pool=2	58	11043	4746	5785	11043	5002	6041	93	93	93
chr19	41003743	41003894	AMPL3926357	SUBMITTED_REGION=2B6Ex2F;Pool=2	80	20005	4227	5078	11052	4945	6107	152	152	152
chr4	87909956	87910141	AMPL3926116	SUBMITTED_REGION=rs11934731;Pool=1	108	11065	3140	5045	11065	4991	6074	186	186	186
chr19	40848237	40848438	AMPL3213758	SUBMITTED_REGION=rs28399443,rs28399445,rs56256500,rs568811809;Pool=2	108	11066	5177	4935	11066	5414	5652	202	202	202
chr6	31277329	31277537	AMPL3925976	SUBMITTED_REGION=rs140855588;Pool=2	101	11073	5521	4057	11073	5861	5212	209	209	209
chr5	75352665	75352890	AMPL2877005	SUBMITTED_REGION=rs12654264;Pool=2	93	11093	4193	4870	11093	5790	5303	226	226	226
chr19	38543619	38543843	AMPL3654143	SUBMITTED_REGION=rs193922843;Pool=1	148	20377	5021	4443	11100	5363	5737	225	225	225
chr6	31228516	31228737	AMPL3926504	SUBMITTED_REGION=rs7769586;Pool=1	122	11107	5385	4250	11107	6174	4933	222	222	222
chr22	42130640	42130874	AMPL2614792	SUBMITTED_REGION=CYP2D6cnv44.5.12580,SP_816.151728,rs1065852,rs28371696,rs5030862,rs769258,rs774671100;Pool=1	154	29367	4376	4327	11211	5828	5383	235	235	235
chr1	155208789	155209026	AMPL3925916	SUBMITTED_REGION=rs760077;Pool=1	171	11216	3266	3981	11216	5135	6081	238	238	238
chr22	42619843	42620029	AMPL3926352	SUBMITTED_REGION=rs121965017,rs794728011,rs794728012;Pool=2	117	11241	5182	4920	11240	5843	5397	187	187	187
chr12	53211736	53211921	AMPL2842641	SUBMITTED_REGION=rs2229774;Pool=2	102	11263	4889	5076	11263	5509	5754	186	186	186
chr1	11794373	11794481	AMPL2585715	SUBMITTED_REGION=rs1801131;Pool=1	57	11271	5121	5836	11271	5187	6084	109	109	109
chr19	40924168	40924393	AMPL3926032	SUBMITTED_REGION=2B7Ex1;Pool=2	133	27963	870	5170	11292	5077	6215	226	226	226
chr19	40942090	40942317	AMPL3925939	SUBMITTED_REGION=2B7Ex6F;Pool=2	130	27385	4791	3687	11307	5265	6042	228	228	228
chr6	31365521	31365693	AMPL3926175	SUBMITTED_REGION=rs2844580;Pool=1	90	11308	5460	5115	11308	5684	5624	173	173	173
chr11	67585097	67585229	AMPL3218318	SUBMITTED_REGION=rs1695;Pool=2	86	11310	5620	4719	11310	6147	5163	133	133	133
chr19	40850715	40850861	AMPL3926570	SUBMITTED_REGION=rs67568271;Pool=1	72	11324	4847	5046	11324	5648	5676	147	147	147
chr6	29949756	29949958	AMPL3698523	SUBMITTED_REGION=rs76748682;Pool=2	107	11328	5075	4917	11328	5738	5590	203	203	203
chr6	31421961	31422159	AMPL3926289	SUBMITTED_REGION=rs116081995;Pool=2	93	11348	5507	5025	11348	5935	5413	199	199	199
chr6	29965511	29965633	AMPL3926620	SUBMITTED_REGION=rs114716190;Pool=2	55	11356	5340	4413	11356	5621	5735	123	123	123
chr10	119335814	119336008	AMPL3926212	SUBMITTED_REGION=rs3740563;Pool=2	96	11401	6265	4483	11401	6736	4665	195	195	195
chr9	133635370	133635515	AMPL2654424	SUBMITTED_REGION=rs1611115;Pool=1	96	11419	5212	4213	11419	6003	5416	146	146	146
chr6	31281002	31281171	AMPL3926370	SUBMITTED_REGION=rs74703819;Pool=2	97	11434	4419	3923	11434	5296	6138	170	170	170
chr6	31462265	31462466	AMPL3926328	SUBMITTED_REGION=rs115846244;Pool=1	110	11464	5429	4883	11464	5672	5792	202	202	202
chr22	42127841	42128077	AMPL3926548	SUBMITTED_REGION=SP_47.2.120524,rs16947,rs5030867;Pool=2	147	22516	2866	5781	11488	4814	6674	237	237	237
chr1	28818557	28818728	AMPL3926407	SUBMITTED_REGION=rs204047,rs678849;Pool=2	99	11556	2619	4394	11556	5093	6463	172	172	172
chr1	97883220	97883362	AMPL3893713	SUBMITTED_REGION=rs1801265;Pool=2	53	11561	5063	5728	11561	5640	5921	143	143	143
chr16	31093024	31093219	AMPL2455391	SUBMITTED_REGION=rs8050894;Pool=1	99	11582	5560	4022	11582	6512	5070	196	196	196
chr19	38443720	38443872	AMPL2687117	SUBMITTED_REGION=rs142474192;Pool=2	97	11602	5717	3728	11602	6338	5264	153	153	153
chr22	42623699	42623823	AMPL3926332	SUBMITTED_REGION=rs121965018;Pool=1	77	11613	4977	5883	11611	5369	6242	125	125	125
chr19	41016729	41016921	AMPL3926496	SUBMITTED_REGION=2B6Ex9,rs3211371;Pool=1	117	40548	5742	4139	11623	6068	5555	193	193	193
chr19	40991357	40991586	AMPL3925994	SUBMITTED_REGION=2B6Ex1F,rs34883432,rs35303484,rs8192709;Pool=1	132	17383	4324	4394	11628	5641	5987	230	230	230
chr22	42127708	42127918	AMPL3926654	SUBMITTED_REGION=SP_47.2.120524,SP_47.2.92998,rs28371725,rs5030867;Pool=1	134	30565	3062	4265	11676	5947	5729	211	211	211
chr6	31284036	31284262	AMPL3926111	SUBMITTED_REGION=rs12189871;Pool=1	130	11680	5087	5275	11680	5672	6008	227	227	227
chr22	42631235	42631433	AMPL3926660	SUBMITTED_REGION=rs121965007,rs121965013;Pool=1	129	11701	4889	4577	11701	5971	5730	199	199	199
chr19	40849737	40849970	AMPL3926526	SUBMITTED_REGION=rs72549436;Pool=1	148	20646	3321	4661	11703	6465	5238	234	234	234
chr1	28863604	28863825	AMPL3926125	SUBMITTED_REGION=rs4654327;Pool=1	132	11794	4836	141	11794	5607	6187	222	222	222
chrX	154534248	154534471	AMPL3926381	SUBMITTED_REGION=rs137852326,rs137852330,rs137852343,rs200111236,rs267606836,rs5030868,rs5030872,rs782754619;Pool=2	144	28123	4496	4138	11830	5638	6192	224	224	224
chr22	42127100	42127310	AMPL3925913	SUBMITTED_REGION=CYP2D6cnvs1.1.1.130325;Pool=1	135	28116	4535	4842	11847	6723	5124	211	211	211
chr8	18400130	18400248	AMPL3926555	SUBMITTED_REGION=rs1801279;Pool=1	58	11953	5542	5701	11953	5841	6112	119	119	119
chr19	40948865	40949077	AMPL3926671	SUBMITTED_REGION=2B7Ex9F;Pool=1	107	21302	3070	3485	11994	5920	6074	213	213	213
chr19	41007029	41007177	AMPL3926629	SUBMITTED_REGION=2B7P12B6In4Ex5,Hs02621487_cn;Pool=2	81	17191	4963	5719	12001	5673	6328	149	149	149
chr11	64591764	64591994	AMPL3926412	SUBMITTED_REGION=rs3825016,rs3825017;Pool=1	155	12026	5229	4217	12026	6204	5822	231	231	231
chr1	28863015	28863117	AMPL3926171	SUBMITTED_REGION=rs2234918;Pool=2	70	12036	4837	6642	12036	5075	6961	103	103	103
chr6	39066238	39066442	AMPL3843405	SUBMITTED_REGION=rs6923761;Pool=2	117	12038	4496	5672	12038	6021	6017	205	205	205
chr22	42128723	42128956	AMPL2686890	SUBMITTED_REGION=CYP2D6cnv44.3.296145,SP_47.3.229121,rs150163869,rs199535154,rs3892097,rs72549354,rs72549356;Pool=1	157	28419	1445	3577	12078	5637	6441	234	234	234
chr22	42627215	42627333	AMPL3926519	SUBMITTED_REGION=rs121965011,rs121965015;Pool=1	71	12126	5776	5754	12126	6023	6103	119	119	119
chr15	74749494	74749634	AMPL2455326	SUBMITTED_REGION=rs762551;Pool=2	76	12140	5490	5938	12140	5819	6321	141	141	141
chr11	113400002	113400187	AMPL2588477	SUBMITTED_REGION=rs1800497;Pool=1	120	12165	1726	5716	12165	5729	6436	186	186	186
chr19	38451651	38451868	AMPL2683251	SUBMITTED_REGION=rs118192116,rs193922764;Pool=2	141	12174	4004	4293	12174	5185	6989	218	218	218
chrX	154533120	154533319	AMPL3926618	SUBMITTED_REGION=rs137852327;Pool=2	127	24287	4579	3871	12228	5718	6510	200	200	200
chr19	40845337	40845542	AMPL3925906	SUBMITTED_REGION=rs138932530,rs148166815,rs28399454;Pool=2	113	23723	3308	4890	12315	6211	6104	206	206	206
chr21	45514764	45514979	AMPL3547804	SUBMITTED_REGION=rs1051298;Pool=1	147	12328	3372	3959	12328	5872	6456	216	216	216
chr22	42627661	42627887	AMPL3926445	SUBMITTED_REGION=rs61732609,rs794728013;Pool=2	140	12399	5173	3710	12399	6000	6399	227	227	227
chr6	31410715	31410832	AMPL3926589	SUBMITTED_REGION=rs1063632;Pool=2	66	12442	5685	5965	12442	6113	6329	118	118	118
chr2	233760387	233760606	AMPL3864865	SUBMITTED_REGION=rs4148323;Pool=2	111	12506	5580	1516	12506	6093	6413	220	220	220
chr15	74750182	74750403	AMPL2670536	SUBMITTED_REGION=rs72547513;Pool=2	128	12559	5503	4464	12559	6072	6487	222	222	222
chr19	39248441	39248654	AMPL3926053	SUBMITTED_REGION=rs11322783;Pool=2	153	12569	4093	5002	12569	6412	6157	214	214	214
chr19	38561084	38561187	AMPL2527899	SUBMITTED_REGION=rs769120898;Pool=2	64	12578	6253	5725	12578	6592	5986	104	104	104
chr19	41016467	41016655	AMPL3926422	SUBMITTED_REGION=2B6Ex9;Pool=1	94	14017	3327	6271	12578	5987	6591	189	189	189
chr4	99318020	99318201	AMPL3564046	SUBMITTED_REGION=rs1229984;Pool=2	94	12610	4979	5980	12610	6053	6557	182	182	182
chr21	45531484	45531690	AMPL2670022	SUBMITTED_REGION=rs12659;Pool=2	147	12747	6039	2801	12747	6575	6172	207	207	207
chr22	42126578	42126812	AMPL3926195	SUBMITTED_REGION=Hs00010001_cn,SP_47.1.274977,rs1135833,rs1135835,rs1135840,rs267608319,rs28371735,rs74478221,rs75467367,rs765776661,rs766507177;Pool=2	154	23631	471	241	12754	6120	6634	235	235	120
chr12	111803817	111803967	AMPL2877002	SUBMITTED_REGION=rs671;Pool=1	80	12770	5416	6602	12770	5899	6871	151	151	151
chr4	2904885	2905111	AMPL3646028	SUBMITTED_REGION=rs4961;Pool=2	125	12778	5052	3090	12778	5871	6907	227	227	227
chr22	42127412	42127555	AMPL3040921	SUBMITTED_REGION=SP_47.2.278149,rs1058172,rs72549346;Pool=1	88	22144	5152	6815	12809	5472	7337	144	144	144
chr6	31414589	31414821	AMPL3926435	SUBMITTED_REGION=rs140810304;Pool=2	146	12799	4987	3059	12822	5645	7177	233	233	233
chr22	42128206	42128431	AMPL3926600	SUBMITTED_REGION=CYP2D6cnvs1.1.2.136070,SP_11.10547,rs35742686,rs367543000,rs72549352,rs72549353;Pool=2	138	29137	3902	4067	12829	6270	6559	226	226	226
chr22	42630891	42631020	AMPL3926362	SUBMITTED_REGION=rs121965009,rs121965014;Pool=2	77	12903	6107	5580	12903	6713	6190	130	130	130
chr15	74749815	74750044	AMPL3659232	SUBMITTED_REGION=rs72547511;Pool=1	154	12996	5362	4259	12996	6296	6700	230	230	230
chr6	31575167	31575350	AMPL2636812	SUBMITTED_REGION=rs1800629;Pool=1	104	13023	5130	6558	13023	5819	7204	184	184	184
chr4	9920431	9920604	AMPL3926434	SUBMITTED_REGION=rs16890979;Pool=2	103	13047	6450	5756	13047	7112	5935	174	174	174
chrX	114583909	114584135	AMPL3922077	SUBMITTED_REGION=rs3813929;Pool=2	146	13070	2793	180	13070	6860	6210	227	227	227
chr19	45420382	45420463	AMPL2658997	SUBMITTED_REGION=rs11615;Pool=1	48	13084	6349	6109	13084	6698	6386	82	82	82
chr6	31348902	31348997	AMPL3926224	SUBMITTED_REGION=rs28732138;Pool=1	49	13131	6289	6537	13131	6449	6682	96	96	96
chrX	154532967	154533129	AMPL3926312	SUBMITTED_REGION=rs137852327,rs137852339,rs137852342,rs137852347,rs1557229854,rs5030869,rs587776730,rs76723693,rs868950643;Pool=1	104	33009	5879	4843	13148	6857	6291	163	163	163
chr19	38494520	38494680	AMPL2532203	SUBMITTED_REGION=rs118192163,rs118192175,rs118192176;Pool=2	96	13260	5638	6425	13260	6468	6792	161	161	161
chr22	19963711	19963856	AMPL2544199	SUBMITTED_REGION=rs4680;Pool=1	90	13362	4185	5923	13362	6756	6606	146	146	146
chr6	29940163	29940278	AMPL3925962	SUBMITTED_REGION=rs147023494;Pool=2	52	13479	6521	6318	13479	6835	6644	116	116	116
chr21	45537852	45538033	AMPL3923583	SUBMITTED_REGION=rs1051266;Pool=1	124	13700	6239	5127	13700	6545	7155	182	182	182
chr19	40845544	40845687	AMPL3925907	SUBMITTED_REGION=rs2302989;Pool=1	71	30421	6235	5246	13709	6417	7292	144	144	144
chr2	233718845	233719076	AMPL3218790	SUBMITTED_REGION=rs2011425;Pool=2	142	13787	4751	5006	13787	6978	6809	232	232	232
chr6	31423094	31423267	AMPL3926049	SUBMITTED_REGION=rs116339333;Pool=2	94	13834	3762	6467	13834	6962	6872	174	174	174
chr1	11796288	11796402	AMPL2659006	SUBMITTED_REGION=rs1801133;Pool=2	64	13872	6392	6473	13872	7111	6761	115	115	115
chrX	154535961	154536187	AMPL2687261	SUBMITTED_REGION=rs1000937138,rs1050828,rs137852315,rs137852349,rs138687036,rs76645461,rs782090947,rs782308266,rs78478128;Pool=2	144	14111	4865	4598	14111	5844	8267	227	227	227
chr6	31321853	31321956	AMPL3926430	SUBMITTED_REGION=rs28894993;Pool=2	50	14265	6603	7113	14265	6882	7383	104	104	104
chr7	87509269	87509493	AMPL2670556	SUBMITTED_REGION=rs1045642;Pool=2	114	14274	5217	5721	14274	7718	6556	225	225	225
chr15	74754872	74754994	AMPL2826746	SUBMITTED_REGION=rs72547517;Pool=1	73	20910	6675	6705	14283	7002	7281	123	123	123
chr11	64592795	64592983	AMPL3926200	SUBMITTED_REGION=rs11231825;Pool=2	118	14674	3000	6674	14674	7363	7311	189	189	189
chr19	41016579	41016745	AMPL2686782	SUBMITTED_REGION=2B6Ex9;Pool=2	99	37327	666	532	14756	6530	8226	167	167	167
chr19	38512260	38512465	AMPL2536414	SUBMITTED_REGION=rs193922832;Pool=2	131	14978	6232	3489	14978	7120	7858	206	206	206
chr19	41016897	41016991	AMPL3926011	SUBMITTED_REGION=2B6Ex9;Pool=2	54	26539	7354	7366	15190	7558	7632	95	95	95
chr22	19941416	19941557	AMPL3922141	SUBMITTED_REGION=rs13306278;Pool=2	83	15254	6511	7479	15254	7174	8080	142	142	142
chr19	40851029	40851192	AMPL3926275	SUBMITTED_REGION=rs3822484,rs61663607;Pool=2	93	15605	6541	7063	15605	7675	7930	164	164	164
chr1	161544647	161544837	AMPL536687	SUBMITTED_REGION=rs396991;Pool=2	92	15624	6577	7156	15624	7286	8338	191	191	191
chrX	154534391	154534533	AMPL3926006	SUBMITTED_REGION=rs137852314,rs137852331,rs137852343,rs200111236,rs267606836,rs5030868,rs5030872;Pool=1	89	27553	6687	8010	16356	7781	8575	143	143	143
chr22	42127242	42127394	AMPL3926109	SUBMITTED_REGION=CYP2D6cnvs1.1.1.130325;Pool=2	97	27235	7792	7402	16418	8153	8265	153	153	153
chr16	55823534	55823766	AMPL3922182	SUBMITTED_REGION=rs71647871;Pool=2	128	19719	8011	7649	19719	10115	9604	233	233	233
