Version,GDH,GITC,Na Cit (pH 5.00),Na Cit (pH 5.50),Na Cit (pH 6.11),Na Cit (pH 6.50),Na Cit (pH 8.5),Na Cit (pH 11),Na Cit (pH 11.5),EDTA,IGEPAL,SDS 20%,IPA,Water,NaI 6M,NaI 8M,NaI 8M + thiosulfate,NaI 9M,NaI 10M,LiCl,CaCl2,PEG 8000,PEG 6000,PEG 3350,PEG 1000,PEG 400,TCEP,Phosphate Citrate 0.2M pH 7.8,Phosphate Citrate 0.2M pH 10,Bead Number,Bead Quantity,CTAB 10%,Citric Acid,Phosphate Citrate 1M pH 5,Phosphate Citrate 1M pH 7.8,Phosphate Citrate 1M pH 9,Phosphate Citrate 1M pH 10,NaCl 5M,sodium sulfite (g),sodium acetate 3M,Ammonium Sulfate 8M,Ammonium Sulfate 1M,Ammonium Chloride 4M,Magnesium Chloride 2mM,CDTA 0.5M pH 7
V0 (Galenvs Standard),3.75,0,0,0,0.25,0,0,0,0,0.2,0.125,0.375,5,0.5,0,0,0,0,0,0,0,0,0,0,0,0,0,0,0,0,0.5,0,0,0,0,0,0,0,0,0,0,0,0,0,0
V1,3.75,0,0,0,0.25,0,0,0,0,0,0,0,0.125,0.375,0,0,0,0,0,5,0,0,0,0.5,0,0,0,0,0,0,0.5,0,0,0,0,0,0,0,0,0,0,0,0,0,0
V2,3.75,0,0,0,0.25,0,0,0,0,0,0,0,0.125,0.375,0,0,0,0,0,5,0,0,0,0,0.5,0,0,0,0,0,0.5,0,0,0,0,0,0,0,0,0,0,0,0,0,0
V3,3.75,0,0,0,0.25,0,0,0,0,0,0,0,0.125,0.375,0,0,0,0,0,5,0,0.5,0,0,0,0,0,0,0,0,0.5,0,0,0,0,0,0,0,0,0,0,0,0,0,0
V4,3.75,0,0,0,0.25,0,0,0,0,0,0,0,0.125,0.375,0,0,0,0,0,5,0,0,0.5,0,0,0,0,0,0,0,0.5,0,0,0,0,0,0,0,0,0,0,0,0,0,0
V5,3.75,0,0,0,0.25,0,0,0,0,0,0,0,0.125,0.375,0,0,0,0,0,2.5,2.5,0,0.5,0,0,0,0,0,0,0,0.5,0,0,0,0,0,0,0,0,0,0,0,0,0,0
V6,3.75,0,0,0,0.25,0,0,0,0,0,0,0,0.125,0.375,0,0,0,0,0,5,0.25,0,0.25,0,0,0,0,0,0,0,0.5,0,0,0,0,0,0,0,0,0,0,0,0,0,0
V7,3.75,0,0,0,0.25,0,0,0,0,0,0,0,0.125,0.375,0,0,0,0,0,4.5,0,0.5,0,0,0.5,0,0,0,0,0,0.5,0,0,0,0,0,0,0,0,0,0,0,0,0,0
V8,3.75,0,0,0,0.25,0,0,0,0,0,0,0,0.125,0.375,0,0,0,0,0,4.5,0,0.25,0,0,0.75,0,0,0,0,0,0.5,0,0,0,0,0,0,0,0,0,0,0,0,0,0
V9,3.75,0,0,0,0.25,0,0,0,0,0,0,0,0.125,0.375,0,0,0,0,0,4.5,0,0.75,0,0,0,0.25,0,0,0,0,0.5,0,0,0,0,0,0,0,0,0,0,0,0,0,0
V10,3.75,0,0,0,0.25,0,0,0,0,0,0,0,0.125,0.375,0,0,0,0,0,5,0,0.25,0,0,0.25,0,0,0,0,0,0.5,0,0,0,0,0,0,0,0,0,0,0,0,0,0
V11,3.75,0,0,0,0.25,0,0,0,0,0,0,0,0.125,0.375,0,0,0,0,0,4.67,0,0,0,0,0.83,0,0,0,0,0,0.5,0,0,0,0,0,0,0,0,0,0,0,0,0,0
V12,3.75,0,0,0,0.25,0,0,0,0,0,0,0,0.125,0.375,0,0,0,0,0,5,0.25,0.25,0,0,0,0,0,0,0,0,0.5,0,0,0,0,0,0,0,0,0,0,0,0,0,0
V13,3.75,0,0,0,0.25,0,0,0,0,0,0,0,0.125,0.375,0,0,0,0,0,4.75,0,0.75,0,0,0,0,0,0,0,0,0.5,0,0,0,0,0,0,0,0,0,0,0,0,0,0
V14,3.75,0,0,0,0.25,0,0,0,0,0,0,0,0.125,0.375,0,0,0,0,0,4.5,0,1,0,0,0,0,0,0,0,0,0.5,0,0,0,0,0,0,0,0,0,0,0,0,0,0
V15,3.75,0,0,0,0.25,0,0,0,0,0,0,0,0.125,0.375,0,0,0,0,0,4.5,0,0.5,0,0,0,0.5,0,0,0,0,0.5,0,0,0,0,0,0,0,0,0,0,0,0,0,0
V16,3.75,0,0,0,0.25,0,0,0,0,0,0,0,0.125,0.375,0,0,0,0,0,4.5,0,0.75,0,0,0.25,0,0,0,0,0,0.5,0,0,0,0,0,0,0,0,0,0,0,0,0,0
V17,3.75,0,0,0,0.25,0,0,0,0,0,0,0,0.125,0.375,0,0,0,0,0,4.5,0,0.5,0,0,0,0,0.5,0,0,0,0.5,0,0,0,0,0,0,0,0,0,0,0,0,0,0
V18,3.75,0,0,0,0.25,0,0,0,0,0,0,0,0.125,0.375,0,0,0,0,0,4.5,0,0.5,0,0,0,0,0,0,0,0,0.5,0,0,0,0,0,0,0,0,0,0,0,0,0,0
V19,3.75,0,0,0,0.25,0,0,0,0,0,0,0,0.125,0.375,0,0,0,0,0,4.25,0,0.5,0,0,0,0.75,0,0,0,0,0.5,0,0,0,0,0,0,0,0,0,0,0,0,0,0
V20,3.75,0,0,0,0.25,0,0,0,0,0,0,0,0.125,0.375,0,0,0,0,0,4,0,0.5,0,0,0,1,0,0,0,0,0.5,0,0,0,0,0,0,0,0,0,0,0,0,0,0
V21,1.875,0,0,0,0.125,0,0,0,0,0,0,0.2,0.0625,0.1875,0,0,0,0,0,2.5,0.05,0,0,0,0,0,0.05,0,0,0,0.25,0,0,0,0,0,0,0,0,0,0,0,0,0,0
V22,1.875,0,0,0,0.125,0,0,0,0,0,0,0.3,0.0625,0.1875,0,0,0,0,0,2.45,0,0,0,0,0,0,0.05,0,0,0,0.25,0,0,0,0,0,0,0,0,0,0,0,0,0,0
V23,1.875,0,0,0,0.125,0,0,0,0,0,0,0.1,0.0625,0.1875,0,0,0,0,0,2.5,0.1,0,0,0,0,0,0.05,0,0,0,0.25,0,0,0,0,0,0,0,0,0,0,0,0,0,0
V24,1.875,0,0,0,0.125,0,0,0,0,0,0,0.1,0.0625,0.1875,0,0,0,0,0,2.5,0.05,0,0,0,0,0,0.1,0,0,0,0.25,0,0,0,0,0,0,0,0,0,0,0,0,0,0
V25,1.875,0,0,0,0.125,0,0,0,0,0,0,0.2,0.0625,0.1875,0,0,0,0,0,2.5,0,0,0,0,0,0,0.05,0,0,0,0.25,0,0,0,0,0,0,0,0,0,0,0,0,0,0
V26,1.875,0,0,0,0.125,0,0,0,0,0,0,0.1,0.047,0.188,0,0,0,0,0,2.5,0.116,0,0,0,0,0,0.05,0,0,0,0.25,0,0,0,0,0,0,0,0,0,0,0,0,0,0
V27,1.875,0,0,0,0.125,0,0,0,0,0,0,0.1,0.078,0.188,0,0,0,0,0,2.5,0.084,0,0,0,0,0,0.05,0,0,0,0.25,0,0,0,0,0,0,0,0,0,0,0,0,0,0
V28,1.875,0,0,0,0.125,0,0,0,0,0,0,0.1,0.094,0.188,0,0,0,0,0,2.5,0.069,0,0,0,0,0,0.05,0,0,0,0.25,0,0,0,0,0,0,0,0,0,0,0,0,0,0
V29,1.875,0,0,0,0.125,0,0,0,0,0,0,0.1,0.063,0.141,0,0,0,0,0,2.5,0.147,0,0,0,0,0,0.05,0,0,0,0.25,0,0,0,0,0,0,0,0,0,0,0,0,0,0
V30,1.875,0,0,0,0.125,0,0,0,0,0.1,0.063,0.234,2.5,0.053,0,0,0,0,0,0,0,0,0,0,0,0,0.05,0,0,0,0.25,0,0,0,0,0,0,0,0,0,0,0,0,0,0
V31,1.875,0,0,0,0.125,0,0,0,0,0.1,0.063,0.281,2.5,0.006,0,0,0,0,0,0,0,0,0,0,0,0,0.05,0,0,0,0.25,0,0,0,0,0,0,0,0,0,0,0,0,0,0
V32,1.875,0,0,0,0.125,0,0,0,0,0.1,0.047,0.141,2.5,0.163,0,0,0,0,0,0,0,0,0,0,0,0,0.05,0,0,0,0.25,0,0,0,0,0,0,0,0,0,0,0,0,0,0
V33,1.875,0,0,0,0.125,0,0,0,0,0.1,0.078,0.234,2.5,0.038,0,0,0,0,0,0,0,0,0,0,0,0,0.05,0,0,0,0.25,0,0,0,0,0,0,0,0,0,0,0,0,0,0
V34,1.875,0,0,0,0.125,0,0,0,0,0.1,0.094,0.281,2.475,0,0,0,0,0,0,0,0,0,0,0,0,0,0.05,0,0,0,0.25,0,0,0,0,0,0,0,0,0,0,0,0,0,0
V35,1.875,0,0,0,0.125,0,0,0,0,0.1,0.063,0.188,2.5,0.088,0,0,0,0,0,0,0,0,0,0,0,0,0.063,0,0,0,0.25,0,0,0,0,0,0,0,0,0,0,0,0,0,0
V36,1.875,0,0,0,0.125,0,0,0,0,0.1,0.063,0.188,2.5,0.075,0,0,0,0,0,0,0,0,0,0,0,0,0.075,0,0,0,0.25,0,0,0,0,0,0,0,0,0,0,0,0,0,0
V37,1.875,0,0,0,0.125,0,0,0,0,0.1,0.063,0.188,2.5,0.05,0,0,0,0,0,0,0,0,0,0,0,0,0.1,0,0,0,0.25,0,0,0,0,0,0,0,0,0,0,0,0,0,0
V38,1.875,0,0,0,0.125,0,0,0,0,0.1,0.063,0,2.5,0.1,0,0,0,0,0,0,0,0,0,0,0,0,0.05,0,0,0,0.25,0.188,0,0,0,0,0,0,0,0,0,0,0,0,0
V39,2,0,0,0,0.125,0,0,0,0,0.1,0.063,0.188,2.375,0.05,0,0,0,0,0,0,0,0,0,0,0,0,0.1,0,0,0,0.25,0,0,0,0,0,0,0,0,0,0,0,0,0,0
V40,2.25,0,0,0,0.125,0,0,0,0,0.1,0.063,0.188,2.125,0.05,0,0,0,0,0,0,0,0,0,0,0,0,0.1,0,0,0,0.25,0,0,0,0,0,0,0,0,0,0,0,0,0,0
V41,2.5,0,0,0,0.125,0,0,0,0,0.1,0.063,0.188,1.875,0.05,0,0,0,0,0,0,0,0,0,0,0,0,0.1,0,0,0,0.25,0,0,0,0,0,0,0,0,0,0,0,0,0,0
V42,2.75,0,0,0,0.125,0,0,0,0,0.1,0.063,0.188,1.625,0.05,0,0,0,0,0,0,0,0,0,0,0,0,0.1,0,0,0,0.25,0,0,0,0,0,0,0,0,0,0,0,0,0,0
V43,3,0,0,0,0.125,0,0,0,0,0.1,0.063,0.188,1.375,0.05,0,0,0,0,0,0,0,0,0,0,0,0,0.1,0,0,0,0.25,0,0,0,0,0,0,0,0,0,0,0,0,0,0
V44,1.875,0,0,0,0,0.125,0,0,0,0.1,0.063,0.188,2.5,0.05,0,0,0,0,0,0,0,0,0,0,0,0,0.1,0,0,0,0.25,0,0,0,0,0,0,0,0,0,0,0,0,0,0
V45,1.875,0,0,0.125,0,0,0,0,0,0.1,0.063,0.188,2.5,0.05,0,0,0,0,0,0,0,0,0,0,0,0,0.1,0,0,0,0.25,0,0,0,0,0,0,0,0,0,0,0,0,0,0
V46,1.875,0,0,0,0.125,0,0,0,0,0.1,0.078,0.234,2.488,0,0,0,0,0,0,0,0,0,0,0,0,0,0.1,0,0,0,0.25,0,0,0,0,0,0,0,0,0,0,0,0,0,0
V47,1.875,0,0,0,0.125,0,0,0,0,0.1,0.094,0.281,2.425,0,0,0,0,0,0,0,0,0,0,0,0,0,0.1,0,0,0,0.25,0,0,0,0,0,0,0,0,0,0,0,0,0,0
V48,1.875,0,0,0,0.125,0,0,0,0,0.1,0.109,0.328,2.363,0,0,0,0,0,0,0,0,0,0,0,0,0,0.1,0,0,0,0.25,0,0,0,0,0,0,0,0,0,0,0,0,0,0
V49,1.875,0,0,0,0.125,0,0,0,0,0.1,0.063,0.188,1.55,0,0,0,0,0,0,0,1,0,0,0,0,0,0.1,0,0,0,0.25,0,0,0,0,0,0,0,0,0,0,0,0,0,0
V50,1.875,0,0,0,0.125,0,0,0,0,0.1,0.063,0.188,1.3,0,0,0,0,0,0,0,1.25,0,0,0,0,0,0.1,0,0,0,0.25,0,0,0,0,0,0,0,0,0,0,0,0,0,0
V51,1.875,0,0,0,0.125,0,0,0,0,0.1,0.063,0.188,1.05,0,0,0,0,0,0,0,1.5,0,0,0,0,0,0.1,0,0,0,0.25,0,0,0,0,0,0,0,0,0,0,0,0,0,0
V52,1.875,0,0,0,0.125,0,0,0,0,0.1,0.063,0.188,1.3,0,0,0,0,0,0,0,1.25,0,0,0,0,0,0.1,0,0,0,0.25,0,0,0,0,0,0,0,0,0,0,0,0,0,0
V53,1.875,0,0,0,0.125,0,0,0,0,0.1,0.063,0.188,0.99,0,0,0,0,0,0,0,1.56,0,0,0,0,0,0.1,0,0,0,0.25,0,0,0,0,0,0,0,0,0,0,0,0,0,0
V54,1.875,0,0,0,0.125,0,0,0,0,0.1,0.063,0.188,0.675,0,0,0,0,0,0,0,1.875,0,0,0,0,0,0.1,0,0,0,0.25,0,0,0,0,0,0,0,0,0,0,0,0,0,0
V55,0,1.25,0,0,0.125,0,0,0,0,0.1,0.063,0.188,2.5,0.675,0,0,0,0,0,0,0,0,0,0,0,0,0.1,0,0,0,0.25,0,0,0,0,0,0,0,0,0,0,0,0,0,0
V56,0,1.5,0,0,0.125,0,0,0,0,0.1,0.063,0.188,2.5,0.425,0,0,0,0,0,0,0,0,0,0,0,0,0.1,0,0,0,0.25,0,0,0,0,0,0,0,0,0,0,0,0,0,0
V57,0,1.875,0,0,0.125,0,0,0,0,0.1,0.063,0.188,2.5,0.05,0,0,0,0,0,0,0,0,0,0,0,0,0.1,0,0,0,0.25,0,0,0,0,0,0,0,0,0,0,0,0,0,0
V58,1.875,0,0,0,0.125,0,0,0,0,0.1,0.063,0.188,2.5,0,0,0,0,0,0,0,0,0,0,0,0,0,0.15,0,0,0,0.25,0,0,0,0,0,0,0,0,0,0,0,0,0,0
V59,1.875,0,0,0,0.125,0,0,0,0,0.1,0.063,0.188,2.475,0,0,0,0,0,0,0,0,0,0,0,0,0,0.175,0,0,0,0.25,0,0,0,0,0,0,0,0,0,0,0,0,0,0
V60,1.875,0,0,0,0.125,0,0,0,0,0.1,0.063,0.188,2.45,0,0,0,0,0,0,0,0,0,0,0,0,0,0.2,0,0,0,0.25,0,0,0,0,0,0,0,0,0,0,0,0,0,0
V61,1.875,0,0,0,0.125,0,0,0,0,0.1,0.063,0.188,2.5,0.25,0,0,0,0,0,0,0,0,0,0,0,0,0,0,0,0,0.25,0,0,0,0,0,0,0,0,0,0,0,0,0,0
V62,1.875,0,0,0,0.125,0,0,0,0,0.1,0.063,0.188,2.5,0.05,0,0,0,0,0,0,0,0,0,0,0,0,0.1,0,0,0,0.25,0,0,0,0,0,0,0,0,0,0,0,0,0,0
V63,2,0,0,0,0.125,0,0,0,0,0.1,0.063,0.188,2.375,0.05,0,0,0,0,0,0,0,0,0,0,0,0,0.1,0,0,0,0.25,0,0,0,0,0,0,0,0,0,0,0,0,0,0
V64,1.875,0,0,0,0,0.125,0,0,0,0.1,0.063,0.188,2.5,0.05,0,0,0,0,0,0,0,0,0,0,0,0,0.1,0,0,0,0.25,0,0,0,0,0,0,0,0,0,0,0,0,0,0
V64_1,1.875,0,0,0,0,0.125,0,0,0,0.1,0.063,0.188,2.5,0.15,0,0,0,0,0,0,0,0,0,0,0,0,0,0,0,0,0.25,0,0,0,0,0,0,0,0,0,0,0,0,0,0
V64_2,1.875,0,0,0,0,0.125,0,0,0,0.1,0.063,0.188,2.5,0,0,0,0,0,0,0,0,0,0,0,0,0,0.15,0,0,0,0.25,0,0,0,0,0,0,0,0,0,0,0,0,0,0
V64_3,1.875,0,0,0,0,0.125,0,0,0,0.1,0.063,0.188,2.45,0,0,0,0,0,0,0,0,0,0,0,0,0,0.2,0,0,0,0.25,0,0,0,0,0,0,0,0,0,0,0,0,0,0
V64_4,1.875,0,0,0,0,0.125,0,0,0,0.1,0.063,0.188,2.5,0.1,0,0,0,0,0,0,0,0,0,0,0,0,0.05,0,0,0,0.25,0,0,0,0,0,0,0,0,0,0,0,0,0,0
V64_5,1.875,0,0,0,0,0,0.125,0,0,0.1,0.063,0.188,2.45,0,0,0,0,0,0,0,0,0,0,0,0,0,0.2,0,0,0,0.25,0,0,0,0,0,0,0,0,0,0,0,0,0,0
V64_6,1.875,0,0,0,0,0,0.125,0,0,0.1,0.063,0.188,2.5,0.1,0,0,0,0,0,0,0,0,0,0,0,0,0.05,0,0,0,0.25,0,0,0,0,0,0,0,0,0,0,0,0,0,0
V64_7,1.875,0,0,0,0,0,0.125,0,0,0.1,0.063,0.188,2.5,0.05,0,0,0,0,0,0,0,0,0,0,0,0,0.1,0,0,0,0.25,0,0,0,0,0,0,0,0,0,0,0,0,0,0
V65,1.875,0,0,0.125,0,0,0,0,0,0.1,0.063,0.188,2.5,0.05,0,0,0,0,0,0,0,0,0,0,0,0,0.1,0,0,0,0.25,0,0,0,0,0,0,0,0,0,0,0,0,0,0
V65_1,1.875,0,0,0.125,0,0,0,0,0,0.1,0.063,0.188,2.5,0.15,0,0,0,0,0,0,0,0,0,0,0,0,0,0,0,0,0.25,0,0,0,0,0,0,0,0,0,0,0,0,0,0
V65_2,1.875,0,0,0.125,0,0,0,0,0,0.1,0.063,0.188,2.5,0,0,0,0,0,0,0,0,0,0,0,0,0,0.15,0,0,0,0.25,0,0,0,0,0,0,0,0,0,0,0,0,0,0
V66,1.875,0,0,0,0.125,0,0,0,0,0.1,0.078,0.234,2.488,0,0,0,0,0,0,0,0,0,0,0,0,0,0.1,0,0,0,0.25,0,0,0,0,0,0,0,0,0,0,0,0,0,0
V67,1.875,0,0,0,0.125,0,0,0,0,0.1,0.063,0.188,1.55,0,0,0,0,0,0,0,1,0,0,0,0,0,0.1,0,0,0,0.25,0,0,0,0,0,0,0,0,0,0,0,0,0,0
V68,1.875,0,0,0,0.125,0,0,0,0,0.1,0.063,0.188,1.3,0,0,0,0,0,0,0,1.25,0,0,0,0,0,0.1,0,0,0,0.25,0,0,0,0,0,0,0,0,0,0,0,0,0,0
V69,0,1.25,0,0,0.125,0,0,0,0,0.1,0.063,0.188,2.5,0.675,0,0,0,0,0,0,0,0,0,0,0,0,0.1,0,0,0,0.25,0,0,0,0,0,0,0,0,0,0,0,0,0,0
V70,1.875,0,0,0,0.125,0,0,0,0,0.1,0.063,0.188,2.5,0,0,0,0,0,0,0,0,0,0,0,0,0,0.15,0,0,0,0.25,0,0,0,0,0,0,0,0,0,0,0,0,0,0
V71,1.875,0,0,0,0.125,0,0,0,0,0.1,0.0625,0.1875,2.5,0.25,0,0,0,0,0,0,0,0,0,0,0,0,0,0,0,0,0.25,0,0,0,0,0,0,0,0,0,0,0,0,0,0
V72,1.875,0,0,0,0.125,0,0,0,0,0.1,0.063,0.188,2.5,0.05,0,0,0,0,0,0,0,0,0,0,0,0,0.1,0,0,0,0.25,0,0,0,0,0,0,0,0,0,0,0,0,0,0
V73,2,0,0,0,0.125,0,0,0,0,0.1,0.063,0.188,2.375,0.05,0,0,0,0,0,0,0,0,0,0,0,0,0.1,0,0,0,0.25,0,0,0,0,0,0,0,0,0,0,0,0,0,0
V73_1,0,1.5,0,0,0.125,0,0,0,0,0.1,0.063,0.188,2.5,0.425,0,0,0,0,0,0,0,0,0,0,0,0,0.1,0,0,0,0.25,0,0,0,0,0,0,0,0,0,0,0,0,0,0
V73_2,2,0,0,0,0.125,0,0,0,0,0.1,0.063,0.188,2.375,0.05,0,0,0,0,0,0,0,0,0,0,0,0,0.1,0,0,0,0.25,0,0,0,0,0,0,0,0,0,0,0,0,0,0
V74,1.875,0,0,0,0,0.125,0,0,0,0.1,0.063,0.188,2.5,0.05,0,0,0,0,0,0,0,0,0,0,0,0,0.1,0,0,0,0.25,0,0,0,0,0,0,0,0,0,0,0,0,0,0
V74_1,0,1.5,0,0,0,0,0,0.125,0,0.1,0.063,0.188,2.5,0.425,0,0,0,0,0,0,0,0,0,0,0,0,0.1,0,0,0,0.25,0,0,0,0,0,0,0,0,0,0,0,0,0,0
V75,1.875,0,0,0.125,0,0,0,0,0,0.1,0.063,0.188,2.5,0.05,0,0,0,0,0,0,0,0,0,0,0,0,0.1,0,0,0,0.25,0,0,0,0,0,0,0,0,0,0,0,0,0,0
V75_1,0,1.5,0,0,0,0,0,0,0.125,0.1,0.063,0.188,2.5,0.425,0,0,0,0,0,0,0,0,0,0,0,0,0.1,0,0,0,0.25,0,0,0,0,0,0,0,0,0,0,0,0,0,0
V76,1.875,0,0,0,0.125,0,0,0,0,0.1,0.078,0.234,2.488,0,0,0,0,0,0,0,0,0,0,0,0,0,0.1,0,0,0,0.25,0,0,0,0,0,0,0,0,0,0,0,0,0,0
V76_1,0,1.5,0.125,0,0,0,0,0,0,0.1,0.063,0.188,2.5,0.425,0,0,0,0,0,0,0,0,0,0,0,0,0.1,0,0,0,0.25,0,0,0,0,0,0,0,0,0,0,0,0,0,0
V77,1.875,0,0,0,0.125,0,0,0,0,0.1,0.063,0.188,1.55,0,0,0,0,0,0,0,1,0,0,0,0,0,0.1,0,0,0,0.25,0,0,0,0,0,0,0,0,0,0,0,0,0,0
V77_1,0,1.5,0,0.125,0,0,0,0,0,0.1,0.063,0.188,2.5,0.425,0,0,0,0,0,0,0,0,0,0,0,0,0.1,0,0,0,0.25,0,0,0,0,0,0,0,0,0,0,0,0,0,0
V78,1.875,0,0,0,0.125,0,0,0,0,0.1,0.063,0.188,1.3,0,0,0,0,0,0,0,1.25,0,0,0,0,0,0.1,0,0,0,0.25,0,0,0,0,0,0,0,0,0,0,0,0,0,0
V78_1,0,1.875,0,0,0.125,0,0,0,0,0.1,0.063,0.188,2.5,0.05,0,0,0,0,0,0,0,0,0,0,0,0,0.1,0,0,0,0.25,0,0,0,0,0,0,0,0,0,0,0,0,0,0
V78_2,1.875,0,0,0,0.125,0,0,0,0,0.1,0.063,0.188,2.5,0.05,0,0,0,0,0,0,0,0,0,0,0,0,0.1,0,0,0,0.25,0,0,0,0,0,0,0,0,0,0,0,0,0,0
V78_5,1.875,0,0,0,0.125,0,0,0,0,0.1,0.063,0.188,1.3,0,0,0,0,0,0,0,1.25,0,0,0,0,0,0.1,0,0,0,0.25,0,0,0,0,0,0,0,0,0,0,0,0,0,0
V79,0,1.25,0,0,0.125,0,0,0,0,0.1,0.063,0.188,2.5,0.675,0,0,0,0,0,0,0,0,0,0,0,0,0.1,0,0,0,0.25,0,0,0,0,0,0,0,0,0,0,0,0,0,0
V79_1,0,1.875,0,0,0,0,0,0.125,0,0.1,0.063,0.188,2.5,0.05,0,0,0,0,0,0,0,0,0,0,0,0,0.1,0,0,0,0.25,0,0,0,0,0,0,0,0,0,0,0,0,0,0
V80,1.875,0,0,0,0.125,0,0,0,0,0.1,0.063,0.188,2.5,0,0,0,0,0,0,0,0,0,0,0,0,0,0.15,0,0,0,0.25,0,0,0,0,0,0,0,0,0,0,0,0,0,0
V80_1,0,1.875,0,0,0,0,0,0,0.125,0.1,0.063,0.188,2.5,0.05,0,0,0,0,0,0,0,0,0,0,0,0,0.1,0,0,0,0.25,0,0,0,0,0,0,0,0,0,0,0,0,0,0
V81,0,1.875,0.125,0,0,0,0,0,0,0.1,0.063,0.188,2.5,0.05,0,0,0,0,0,0,0,0,0,0,0,0,0.1,0,0,0,0.25,0,0,0,0,0,0,0,0,0,0,0,0,0,0
V82,0,1.875,0,0.125,0,0,0,0,0,0.1,0.063,0.188,2.5,0.05,0,0,0,0,0,0,0,0,0,0,0,0,0.1,0,0,0,0.25,0,0,0,0,0,0,0,0,0,0,0,0,0,0
V83,1.875,0,0,0,0,0,0,0.125,0,0.1,0.063,0.188,2.5,0.15,0,0,0,0,0,0,0,0,0,0,0,0,0,0,0,0,0.25,0,0,0,0,0,0,0,0,0,0,0,0,0,0
V84,1.875,0,0,0,0,0,0,0,0.125,0.1,0.063,0.188,2.5,0.15,0,0,0,0,0,0,0,0,0,0,0,0,0,0,0,0,0.25,0,0,0,0,0,0,0,0,0,0,0,0,0,0
V85,1.875,0,0.125,0,0,0,0,0,0,0.1,0.063,0.188,2.5,0.15,0,0,0,0,0,0,0,0,0,0,0,0,0,0,0,0,0.25,0,0,0,0,0,0,0,0,0,0,0,0,0,0
V86,1.875,0,0,0.125,0,0,0,0,0,0.1,0.063,0.188,2.5,0.15,0,0,0,0,0,0,0,0,0,0,0,0,0,0,0,0,0.25,0,0,0,0,0,0,0,0,0,0,0,0,0,0
V87,1.875,0,0,0,0.125,0,0,0,0,0.1,0.063,2.5,0.187,0.05,0,0,0,0,0,0,0,0,0,0,0,0,0.1,0,0,0,0.25,0,0,0,0,0,0,0,0,0,0,0,0,0,0
V88,1.875,0,0,0,0.125,0,0,0,0,0.1,0.063,0.188,2.4,0.05,0,0,0,0,0,0,0,0,0,0,0,0,0.1,0,0,0,0.25,0.1,0,0,0,0,0,0,0,0,0,0,0,0,0
V88_1,1.875,0,0,0,0.125,0,0,0,0,0.1,0.063,0.188,1.9,0.05,0,0.5,0,0,0,0,0,0,0,0,0,0,0.1,0,0,0,0.25,0.1,0,0,0,0,0,0,0,0,0,0,0,0,0
V88_15,1.875,0,0,0,0.125,0,0,0,0,0.1,0.063,0.188,0.7,1.25,0,0.5,0,0,0,0,0,0,0,0,0,0,0.1,0,0,0,0.25,0.1,0,0,0,0,0,0,0,0,0,0,0,0,0
V88_4,1.875,0,0,0,0.125,0,0,0,0,0.1,0.063,0.188,2.4,0.05,0,0,0,0,0,0,0,0,0,0,0,0,0.1,0,0,0,0.25,0.1,0,0,0,0,0,0,0,0,0,0,0,0,0
V88_5,1.875,0,0,0,0.125,0,0,0,0,0.1,0.063,0.188,1.9,0.05,0,0.5,0,0,0,0,0,0,0,0,0,0,0.1,0,0,0,0.25,0.1,0,0,0,0,0,0,0,0,0,0,0,0,0
V88_6,1.875,0,0,0,0.125,0,0,0,0,0.1,0.063,0.188,1.9,0.05,0.5,0,0,0,0,0,0,0,0,0,0,0,0.1,0,0,0,0.25,0.1,0,0,0,0,0,0,0,0,0,0,0,0,0
V89,1.875,0,0,0,0.125,0,0,0,0,0.1,0.063,1.5,1.087,0.05,0,0,0,0,0,0,0,0,0,0,0,0,0.1,0,0,0,0.25,0.1,0,0,0,0,0,0,0,0,0,0,0,0,0
V90,0,0,0,0,0.125,0,0,0,0,0.1,0.063,0.188,2.5,0.05,0,0,0,1.875,0,0,0,0,0,0,0,0,0.1,0,0,0,0.25,0,0,0,0,0,0,0,0,0,0,0,0,0,0
V90_1,0,0,0,0,0.125,0,0,0,0,0.1,0.063,0.188,2.5,0.05,0,1.875,0,0,0,0,0,0,0,0,0,0,0.1,0,0,0,0.25,0,0,0,0,0,0,0,0,0,0,0,0,0,0
V90_2?,0,0,0,0,0.125,0,0,0,0,0.1,0.063,0.188,1,0.05,0,3.75,0,0,0,0,0,0,0,0,0,0,0.1,0,0,0,0.25,0,0,0,0,0,0,0,0,0,0,0,0,0,0
V90_2,0,0.625,0,0,0.125,0,0,0,0,0.1,0.063,0.188,2.5,0.05,0,1.25,0,0,0,0,0,0,0,0,0,0,0.1,0,0,0,0.25,0,0,0,0,0,0,0,0,0,0,0,0,0,0
V90_2W2,0,0.625,0,0,0.125,0,0,0,0,0.1,0.063,0.188,1.875,0.575,0,1.25,0,0,0,0,0,0,0,0,0,0,0.2,0,0,0,0.25,0,0,0,0,0,0,0,0,0,0,0,0,0,0
V90_2W3,0,0.625,0,0,0.125,0,0,0,0,0.1,0.063,0.188,1.25,0.05,0,2.4,0,0,0,0,0,0,0,0,0,0,0.2,0,0,0,0.25,0,0,0,0,0,0,0,0,0,0,0,0,0,0
V90_2W21,0,0.125,0,0,0.125,0,0,0,0,0.1,0.063,0.188,1.875,0.575,0,1.75,0,0,0,0,0,0,0,0,0,0,0.2,0,0,0,0.25,0,0,0,0,0,0,0,0,0,0,0,0,0,0
V90_2W22,0,1.125,0,0,0.125,0,0,0,0,0.1,0.063,0.188,1.875,0.575,0,0.75,0,0,0,0,0,0,0,0,0,0,0.2,0,0,0,0.25,0,0,0,0,0,0,0,0,0,0,0,0,0,0
V90_2W23,0,5.6,0,0,0.5,0,0,0,0,0.4,0.25,0.75,7.5,2.3,0,1.9,0,0,0,0,0,0,0,0,0,0,0.8,0,0,0,1,0,0,0,0,0,0,0,0,0,0,0,0,0,0
V90_2W24,0,7.44,0,0,0.5,0,0,0,0,0.4,0.25,0.75,7.5,2.3,0,0.06,0,0,0,0,0,0,0,0,0,0,0.8,0,0,0,1,0,0,0,0,0,0,0,0,0,0,0,0,0,0
V90_2W25,0,3.75,0,0,0.5,0,0,0,0,0.4,0.25,0.75,7.5,2.3,0,3.75,0,0,0,0,0,0,0,0,0,0,0.8,0,0,0,1,0,0,0,0,0,0,0,0,0,0,0,0,0,21
V90_2W26,0,0,0,0,0.5,0,0,0,0,0.4,0.25,0.75,7.5,2.5,0,5,0,0,0,0,0,0,0,0,0,0,0.8,2.5,0,0,1,0,0,0,0,0,0,0,0,0,0,0,0,0,0
V90_2W27,0,0,0,0,0,0,0,0,0,0.4,0.25,0.75,7.5,2.3,0,5,0,0,0,0,0,0,0,0,0,0,0.8,3,0,0,1,0,0,0,0,0,0,0,0,0,0,0,0,0,0
V90_2W28,0,0,0,0,0,0,0,0,0,0.4,0.25,0.75,6.5,3.3,0,5,0,0,0,0,0,0,0,0,0,0,0.8,3,0,0,1,0,0,0,0,0,0,0,0,0,0,0,0,0,0
V91,0,1.875,0,0,0.125,0,0,0,0,0.1,0.063,0.188,2,0.05,0,0.5,0,0,0,0,0,0,0,0,0,0,0.1,0,0,0,0.25,0,0,0,0,0,0,0,0,0,0,0,0,0,0
V91_1,0,1.875,0,0,0.125,0,0,0,0,0.1,0.063,0.188,2,0.05,0,0,0,0.5,0,0,0,0,0,0,0,0,0.1,0,0,0,0.25,0,0,0,0,0,0,0,0,0,0,0,0,0,0
V91_2,0,1.875,0,0,0.125,0,0,0,0,0.1,0.063,0.188,1.5,0.05,0,1,0,0,0,0,0,0,0,0,0,0,0.1,0,0,0,0.25,0,0,0,0,0,0,0,0,0,0,0,0,0,0
V91_3,0,1.875,0,0,0.125,0,0,0,0,0.1,0.063,0.188,2,0.05,0,0.5,0,0,0,0,0,0,0,0,0,0,0.1,0,0,0,0.25,0,0,0,0,0,0,0,0,0,0,0,0,0,0
V91_4,0,1.875,0,0,0.125,0,0,0,0,0.1,0.063,0.188,2,0.05,0.5,0,0,0,0,0,0,0,0,0,0,0,0.1,0,0,0,0.25,0,0,0,0,0,0,0,0,0,0,0,0,0,0
V92,1.875,0,0,0,0,0,0.125,0,0,0.1,0.063,0.188,2,0.1,0,0.5,0,0,0,0,0,0,0,0,0,0,0.05,0,0,0,0.25,0,0,0,0,0,0,0,0,0,0,0,0,0,0
V92_1,1.875,0,0,0,0,0,0.125,0,0,0.1,0.063,0.188,2,0.1,0.5,0,0,0,0,0,0,0,0,0,0,0,0.05,0,0,0,0.25,0,0,0,0,0,0,0,0,0,0,0,0,0,0
V92_2,1.875,0,0,0,0,0,0.125,0,0,0.1,0.063,0.188,2,0.1,0,0,0,0,0.5,0,0,0,0,0,0,0,0.05,0,0,0,0.25,0,0,0,0,0,0,0,0,0,0,0,0,0,0
V93,1.875,0,0,0,0.125,0,0,0,0,0.1,0.063,0.188,2,0.05,0,0.5,0,0,0,0,0,0,0,0,0,0,0.1,0,0,0,0.25,0,0,0,0,0,0,0,0,0,0,0,0,0,0
V94,2,0,0,0,0.125,0,0,0,0,0.1,0.063,0.188,2,0.05,0,0.375,0,0,0,0,0,0,0,0,0,0,0.1,0,0,0,0.25,0,0,0,0,0,0,0,0,0,0,0,0,0,0
V94_1,2,0,0,0,0.125,0,0,0,0,0.1,0.063,0.188,2,0.05,0.375,0,0,0,0,0,0,0,0,0,0,0,0.1,0,0,0,0.25,0,0,0,0,0,0,0,0,0,0,0,0,0,0
V95,1.875,0,0,0,0.125,0,0,0,0,0.1,0.063,0.188,2,0,0,0.5,0,0,0,0,0,0,0,0,0,0,0.15,0,0,0,0.25,0,0,0,0,0,0,0,0,0,0,0,0,0,0
V95_1,1.875,0,0,0,0.125,0,0,0,0,0.1,0.063,0.188,2,0,0.5,0,0,0,0,0,0,0,0,0,0,0,0.15,0,0,0,0.25,0,0,0,0,0,0,0,0,0,0,0,0,0,0
V96,1.875,0,0,0,0.125,0,0,0,0,0.1,0.078,0.234,1.98,0,0,0.5,0,0,0,0,0,0,0,0,0,0,0.1,0,0,0,0.25,0,0,0,0,0,0,0,0,0,0,0,0,0,0
V97,1.875,0,0,0,0.125,0,0,0,0,0.1,0.078,0.234,1.98,0,0,0,0,0.5,0,0,0,0,0,0,0,0,0.1,0,0,0,0.25,0,0,0,0,0,0,0,0,0,0,0,0,0,0
V98,1.875,0,0,0,0.125,0,0,0,0,0.1,0.078,0.234,1.5,0,0,1,0,0,0,0,0,0,0,0,0,0,0.1,0,0,0,0.25,0,0,0,0,0,0,0,0,0,0,0,0,0,0
V99,1.875,0,0,0,0,0,0.125,0,0,0.1,0.063,0.188,2.5,0.05,0,0,0,0,0,0,0,0,0,0,0,0,0.1,0,0,0,0.25,0,0,0,0,0,0,0,0,0,0,0,0,0,0
V100,1.875,0,0,0.125,0,0,0,0,0,0.1,0.063,0.188,2,0.05,0.5,0,0,0,0,0,0,0,0,0,0,0,0.1,0,0,0,0.25,0,0,0,0,0,0,0,0,0,0,0,0,0,0
V101,1.875,0,0,0,0,0.125,0,0,0,0.1,0.063,0.188,2,0.1,0,0.5,0,0,0,0,0,0,0,0,0,0,0.05,0,0,0,0.25,0,0,0,0,0,0,0,0,0,0,0,0,0,0
V102,1.875,0,0,0,0.125,0,0,0,0,0.1,0.063,0.188,2,0.05,0.5,0,0,0,0,0,0,0,0,0,0,0,0.1,0,0,0,0.25,0,0,0,0,0,0,0,0,0,0,0,0,0,0
V103,1.875,0,0,0.125,0,0,0,0,0,0.1,0.063,0.188,2,0.05,0,0.5,0,0,0,0,0,0,0,0,0,0,0.1,0,0,0,0.25,0,0,0,0,0,0,0,0,0,0,0,0,0,0
V104,1.875,0,0,0,0,0.125,0,0,0,0.1,0.063,0.188,2.45,0,0,0,0,0,0,0,0,0,0,0,0,0,0.2,0,0,0,0.25,0,0,0,0,0,0,0,0,0,0,0,0,0,0
P1,0,1.25,0,0,0.125,0,0,0,0,0.1,0.063,0.188,2.5,0.675,0,0,0,0,0,0,0,0,0,0,0,0,0,0,0,0,0.25,0,0,0,0,0,0,0,0,0,0,0,0,0,0
P1_1,0,1.25,0,0,0.125,0,0,0,0,0,0.063,0.188,2.5,0.675,0,0,0,0,0,0,0,0,0,0,0,0,0,0,0,0,0.25,0,0,0,0,0,0,0,0,0,0,0,0,0,0
P2,0,1.25,0,0,0.125,0,0,0,0,0.1,0.063,0.188,2.45,0.675,0,0,0,0,0,0,0,0,0,0,0,0,0,0,0,0,0.25,0,0,0,0,0,0,0,0,0,0,0,0,0,0
P2_1,0,1.25,0,0,0.125,0,0,0,0,0,0.063,0.188,2.45,0.675,0,0,0,0,0,0,0,0,0,0,0,0,0,0,0,0,0.25,0,0,0,0,0,0,0,0,0,0,0,0,0,0
P3,0,1.25,0,0,0.125,0,0,0,0,0.1,0.063,0.188,2.5,0.675,0,0,0,0,0,0,0,0,0,0,0,0,0,0,0,0,0.25,0,0,0,0,0,0,0,0,0,0,0,0,0,0
P3_1,0,1.25,0,0,0.125,0,0,0,0,0,0.063,0.188,2.5,0.675,0,0,0,0,0,0,0,0,0,0,0,0,0,0,0,0,0.25,0,0,0,0,0,0,0,0,0,0,0,0,0,0
P4,0,1.25,0,0,0.125,0,0,0,0,0.1,0.063,0.188,2.45,0.675,0,0,0,0,0,0,0,0,0,0,0,0,0,0,0,0,0.25,0,0,0,0,0,0,0,0,0,0,0,0,0,0
P4_1,0,1.25,0,0,0.125,0,0,0,0,0,0.063,0.188,2.45,0.675,0,0,0,0,0,0,0,0,0,0,0,0,0,0,0,0,0.25,0,0,0,0,0,0,0,0,0,0,0,0,0,0
P5,1.875,0,0,0,0,0,0.125,0,0,0.1,0.063,0.188,2.5,0.675,0,0,0,0,0,0,0,0,0,0,0,0,0,0,0,0,0.25,0,0,0,0,0,0,0,0,0,0,0,0,0,0
P5_1,1.875,0,0,0,0,0,0.125,0,0,0,0.063,0.188,2.5,0.675,0,0,0,0,0,0,0,0,0,0,0,0,0,0,0,0,0.25,0,0,0,0,0,0,0,0,0,0,0,0,0,0
V78_1_1,3.125,0,0,0.125,0,0,0,0,0.1,0.063,0.188,2.5,1.25,0.05,0,0,0,0,0,0,0,0,0,0,0,0.1,0,0,0,0,0.25,0,0,0,0,0,0,0,0,0,0,0,0,0,0
V78_1_2,1.875,0,0,0.125,0,0,0,0,0.1,0.063,0.188,2.5,1.25,1.3,0,0,0,0,0,0,0,0,0,0,0,0.1,0,0,0,0,0.25,0,0,0,0,0,0,0,0,0,0,0,0,0,0
V78_1_3,4.375,0,0,0.125,0,0,0,0,0.1,0.063,0.188,2.5,0,0.05,0,0,0,0,0,0,0,0,0,0,0,0.1,0,0,0,0,0.25,0,0,0,0,0,0,0,0,0,0,0,0,0,0
V78_1_4,1.875,0,0,0.125,0,0,0,0,0.1,0.063,0.188,2.5,0,2.55,0,0,0,0,0,0,0,0,0,0,0,0.1,0,0,0,0,0.25,0,0,0,0,0,0,0,0,0,0,0,0,0,0
V90_1_1,0,0,0,0,0.125,0,0,0,0,0.1,0.3125,0.188,1.25,1.05,0,1.875,0,0,0,0,0,0,0,0,0,0,0.1,0,0,0,0.25,0,0,0,0,0,0,0,0,0,0,0,0,0,0
V90_1_2,0,0,0,0,0.125,0,0,0,0,0.1,0.0625,0.188,1.25,0.675,0,2.15,0,0,0,0,0,0,0,0,0,0,0.1,0,0,0,0.25,0,0,0,0,0,0,0,0,0,0,0,0,0,0
V90_1_3,0,0,0,0,0.125,0,0,0,0,0.1,0.0625,0.188,2.5,2.15,0,1.875,0,0,0,0,0,0,0,0,0,0,0.1,0,0,0,0.25,0,0,0,0,0,0,0,0,0,0,0,0,0,0
V90_1_4,0,0,0,0,0.125,0,0,0,0,0.1,0.3125,0.188,1.875,2.3,0,1.875,0,0,0,0,0,0,0,0,0,0,0.1,0,0,0,0.25,0,0,0,0,0,0,0,0,0,0,0,0,0,0
P5_1,3.125,0,0,0,0,0,0.125,0,0,0.1,0.063,0.188,1.25,0.05,0,0,0,0,0,0,0,0,0,0,0,0,0,0,0,0,0.25,0,0,0,0,0,0,0,0,0,0,0,0,0,0
P5_2,1.875,0,0,0,0,0,0.125,0,0,0.1,0.063,0.188,1.25,1.3,0,0,0,0,0,0,0,0,0,0,0,0,0,0,0,0,0.25,0,0,0,0,0,0,0,0,0,0,0,0,0,0
P5_3,4.375,0,0,0,0,0,0.125,0,0,0.1,0.063,0.188,0,0.05,0,0,0,0,0,0,0,0,0,0,0,0,0,0,0,0,0.25,0,0,0,0,0,0,0,0,0,0,0,0,0,0
P5_4,1.875,0,0,0,0,0,0.125,0,0,0.1,0.063,0.188,0,2.55,0,0,0,0,0,0,0,0,0,0,0,0,0,0,0,0,0.25,0,0,0,0,0,0,0,0,0,0,0,0,0,0
V90_3A,0.1,0,0,0,0.125,0,0,0,0,0.1,0.063,0.188,2.5,0.05,0,1.775,0,0,0,0,0,0,0,0,0,0,0.1,0,0,0,0.25,0,0,0,0,0,0,0,0,0,0,0,0,0,0
V90_3B,0.625,0,0,0,0.125,0,0,0,0,0.1,0.063,0.188,2.5,0.05,0,1.25,0,0,0,0,0,0,0,0,0,0,0.1,0,0,0,0.25,0,0,0,0,0,0,0,0,0,0,0,0,0,0
V90_3H,0.625,0,0,0,0,0,0,0,0.125,0.1,0.063,0.188,2.5,0.05,0,1.25,0,0,0,0,0,0,0,0,0,0,0.1,0,0,0,0.25,0,0,0,0,0,0,0,0,0,0,0,0,0,0
V90_3L,0.625,0,0.125,0,0,0,0,0,0,0.1,0.063,0.188,2.5,0.05,0,1.25,0,0,0,0,0,0,0,0,0,0,0.1,0,0,0,0.25,0,0,0,0,0,0,0,0,0,0,0,0,0,0
V90_4,0,0,0,0,0.125,0,0,0,0,0.1,0.063,0.188,2.5,0.05,0,1.775,0,0,0,0,0,0,0,0,0,0,0.2,0,0,0,0.25,0,0,0,0,0,0,0,0,0,0,0,0,0,0
V90_4W,0,0,0,0,0.125,0,0,0,0,0.1,0.063,0.188,1.25,1.255,0,1.775,0,0,0,0,0,0,0,0,0,0,0.2,0,0,0,0.25,0,0,0,0,0,0,0,0,0,0,0,0,0,0
V90_4W2,0,0,0,0,0.125,0,0,0,0,0.1,0.063,0.188,1.875,0.625,0,1.775,0,0,0,0,0,0,0,0,0,0,0.2,0,0,0,0.25,0,0,0,0,0,0,0,0,0,0,0,0,0,0
V90_4W3,0,0,0,0,0.125,0,0,0,0,0.1,0.063,0.188,1.25,0.675,0,2.4,0,0,0,0,0,0,0,0,0,0,0.2,0,0,0,0.25,0,0,0,0,0,0,0,0,0,0,0,0,0,0
V90_4W31,0,0,0,0,0.5,0,0,0,0,0.4,0.25,0.75,5,2.5,0,6.6,0,0,0,0,0,0,0,0,0,0,0.8,3,0,0,1,0,0,0,0,0,0,0,0,0,0,0,0,0,0
V90_4W32,0,0,0,0,0,0,0,0,0,0.4,0.25,0.75,5,2.5,0,6.6,0,0,0,0,0,0,0,0,0,0,0.8,3.5,0,0,1,0,0,0,0,0,0,0,0,0,0,0,0,0,0
V90_4W33,0,0,0,0,0.5,0,0,0,0,0.4,0.25,0.75,5,4,0,6.6,0,0,0,0,0,0,0,0,0,0,0.8,0,0,0,1,0,0,0,1.5,0,0,0,0,0,0,0,0,0,0
V90_4W34,0,0,0,0,0.5,0,0,0,0,0.4,0.25,0.75,5,3.5,0,6.6,0,0,0,0,0,0,0,0,0,0,0.8,0,0,0,1,0,0,0,2,0,0,0,0,0,0,0,0,0,0
V90_4W35,0,0,0,0,0.5,0,0,0,0,0.4,0.25,0.75,6.5,2.5,0,6.6,0,0,0,0,0,0,0,0,0,0,0.8,0,0,0,1,0,0,0,1.5,0,0,0,0,0,0,0,0,0,0
V90_4W36,0,0,0,0,0.5,0,0,0,0,0.4,0.25,0.75,6,2.5,0,6.6,0,0,0,0,0,0,0,0,0,0,0.8,0,0,0,1,0,0,0,2,0,20.8,0,0,0,0,0,0,0,0
V90_4W37,0,0,0,0,0.5,0,0,0,0,0.4,0.25,0.75,5,2.5,0,8.1,0,0,0,0,0,0,0,0,0,0,0.8,0,0,0,1,0,0,0,1.5,0,0,0,0,0,0,0,0,0,0
V90_4W38,0,0,0,0,0.5,0,0,0,0,0.4,0.25,0.75,5,2.5,0,7.6,0,0,0,0,0,0,0,0,0,0,0.8,0,0,0,1,0,0,0,2,0,0,0,0,0,0,0,0,0,0
V90_4W39,0,0,0,0,0.5,0,0,0,0,0.2,0.25,0.75,6,2.7,0,6.6,0,0,0,0,0,0,0,0,0,0,0.8,0,0,0,1,0,0,0,2,0,0,0,0,0,0,0,0,0,0
V90_4W301,0,0,0,0,0.5,0,0,0,0,0.4,0.25,0.75,6,2.9,0,6.6,0,0,0,0,0,0,0,0,0,0,0.4,0,0,0,1,0,0,0,2,0,0,0,0,0,0,0,0,0,0
V90_4W302,0,0,0,0,0.5,0,0,0,0,0.2,0.25,0.75,6,3.1,0,6.6,0,0,0,0,0,0,0,0,0,0,0.4,0,0,0,1,0,0,0,2,0,0,0,0,0,0,0,0,0,0
V90_4W303,0,0,0,0,0.5,0,0,0,0,0.3,0.25,0.75,6,3,0,6.6,0,0,0,0,0,0,0,0,0,0,0.4,0,0,0,1,0,0,0,2,0,0,0,0,0,0,0,0,0,0
V90_4W304,0,0,0,0,0.5,0,0,0,0,0.3,0.25,0.75,6,3.1,0,6.6,0,0,0,0,0,0,0,0,0,0,0.3,0,0,0,1,0,0,0,2,0,0,0,0,0,0,0,0,0,0
V90_4W305,0,0,0,0,0.5,0,0,0,0,0.4,0.25,1.5,5,1.75,0,6.6,0,0,0,0,0,0,0,0,0,0,0.8,0,0,0,1,0,0,0,3,0,0,0,0,0,0,0,0,0,0
V90_4W306,0,0,0,0,0.125,0,0,0,0,0.1,0.063,0.188,1.25,0.675,0,1.9,0,0,0,0,0,0,0,0,0,0,0.2,0,0,0,0.25,0,0,0,0.5,0,0,0,0,0,0,0,0,0,0
V90_4W307,0,0,0,0,0.125,0,0,0,0,0.1,0.063,0.188,1.5,0.725,0,1.9,0,0,0,0,0,0,0,0,0,0,0.1,0,0,0,0.25,0,0,0,0.25,0,0,0,0,0,0,0,0,0,0
V90_4W308,0,0,0,0,0.125,0,0,0,0,0.1,0.063,0.188,1.5,0.845,0,1.65,0,0,0,0,0,0,0,0,0,0,0.2,0,0,0,0.25,0,0,0,0.25,0,0,0,0,0,0,0,0,0,0
V90_4W309,0,0,0,0,0.5,0,0,0,0,0.4,0.25,0.75,6,2.5,0,6.6,0,0,0,0,0,0,0,0,0,0,0.8,0,0,0,1,0,0,0,0.25,0,0,0,0,0,0,0,0,0,0
V90_4W310,0,0,0,0,0.5,0,0,0,0,0.4,0.25,0.75,6,1.9,0,6.6,0,0,0,0,0,0,0,0,0,0,0.4,0,0,0,1,0,0,0,2,0,0,0,0,0,0,0,0,0,0
V90_4W311,0,0,0,0,0.5,0,0,0,0,0.4,0.25,0.75,6,1.5,0,6.6,0,0,0,0,0,0,0,0,0,0,0.8,0,0,0,1,0,0,0,2,0,0,0,0,0,0,0,0,0,0
V90_4W312,0,0,0,0,0.5,0,0,0,0,0.4,0.25,0.75,6,1.9,0,7.8,0,0,0,0,0,0,0,0,0,0,0.4,0,0,0,1,0,0,0,2,0,0,0,0,0,0,0,0,0,0
V90_4W313,0,0,0,0,0,0,0,0,0.5,0.4,0.25,0.75,6,1.9,0,7.8,0,0,0,0,0,0,0,0,0,0,0.4,0,0,0,1,0,0,0,2,0,0,0,0,0,0,0,0,0,0
V90_4W314,0,0,0,0,0,0,0,0,0.5,0.4,0.25,0.75,6,1.9,0,7.8,0,0,0,0,0,0,0,0,0,0,0.4,0,0,0,1,0,0,0,0,2,0,0,0,0,0,0,0,0,0
V90_4W315,0,0,0,0,0,0,0,0,0.5,0.4,0.25,0.75,6,1.9,0,7.8,0,0,0,0,0,0,0,0,0,0,0.4,0,0,0,1,0,0,0,0,0,2,0,0,0,0,0,0,0,0
V90_4W316,0,0,0,0,0,0,0,0,0.5,0.4,0,0.75,6,2.15,0,7.8,0,0,0,0,0,0,0,0,0,0,0.4,0,0,0,1,0,0,0,0,0,2,0,0,0,0,0,0,0,0
V90_4W317,0,0,0,0,0,0,0,0,0.5,0.4,0.25,0.75,6,1.9,0,7.8,0,0,0,0,0,0,0,0,0,0,0.4,0,0,0,1,0,0,0,0,0,2,0,0.0354,0,0,0,0,0,0
V90_4W318,0,0,0,0,0,0,0,0,0.5,0.4,0,0.75,6,2.15,0,7.8,0,0,0,0,0,0,0,0,0,0,0.4,0,0,0,1,0,0,0,0,0,2,0,0.0345,0,0,0,0,0,0
V90_4W319,0,0,0,0,0,0,0,0,0.5,0.4,0,0.75,6,1.9,0,7.8,0,0,0,0,0,0,0,0,0,0,0.4,0,0,0,1,0.25,0,0,0,0,2,0,0,0,0,0,0,0,0
V90_4W320,0,0,0,0,0,0,0,0,0.5,0.4,0,0.75,6,1.9,0,7.8,0,0,0,0,0,0,0,0,0,0,0.4,0,0,0,1,0.25,0,0,0,0,2,0,0.0345,0,0,0,0,0,0
V90_4W321,0,0,0,0,0.5,0,0,0,0,0.4,0,0.75,6,1.9,0,7.8,0,0,0,0,0,0,0,0,0,0,0.4,0,0,0,1,0.25,0,0,2,0,0,0,0.0345,0,0,0,0,0,0
V90_4W322,0,0,0,0,0,0,0,0,0.5,0.4,0,0.75,6,1.9,0,7.8,0,0,0,0,0,0,0,0,0,0,0.4,0,0,0,1,0,0,0,0,0,2,0,0,0,0,0,0,0,0
V90_4W323,0,0,0,0,0.5,0,0,0,0,0.4,0,0.75,6,1.9,0,7.8,0,0,0,0,0,0,0,0,0,0,0.4,0,0,0,1,0,0,0,2,0,0,0,0,0,0,0,0,0,0
V90_4W4,0,0,0,0,0.125,0,0,0,0,0.1,0.063,0.188,2.25,0.3,0,1.775,0,0,0,0,0,0,0,0,0,0,0.2,0,0,0,0.25,0,0,0,0,0,0,0,0,0,0,0,0,0,0
V90_5,0.1,0,0,0,0.125,0,0,0,0,0.1,0.063,0.188,2.5,0,0,1.68,0,0,0,0,0,0,0,0,0,0,0.2,0,0,0,0.25,0,0,0,0,0,0,0,0,0,0,0,0,0,0
V90_5W,0.1,0,0,0,0.125,0,0,0,0,0.1,0.063,0.188,1.25,1.25,0,1.68,0,0,0,0,0,0,0,0,0,0,0.2,0,0,0,0.25,0,0,0,0,0,0,0,0,0,0,0,0,0,0
V90_5W2,0.1,0,0,0,0.125,0,0,0,0,0.1,0.063,0.188,1.875,0.675,0,1.68,0,0,0,0,0,0,0,0,0,0,0.2,0,0,0,0.25,0,0,0,0,0,0,0,0,0,0,0,0,0,5.255
V90_5W3,0.1,0,0,0,0.125,0,0,0,0,0.1,0.063,0.188,1.25,0.675,0,2.305,0,0,0,0,0,0,0,0,0,0,0.2,0,0,0,0.25,0,0,0,0,0,0,0,0,0,0,0,0,0,0
V90_5W31,0.4,0,0,0,0.5,0,0,0,0,0.4,0.25,0.75,5.5,2.7,0,8.7,0,0,0,0,0,0,0,0,0,0,0.4,0,0,0,1,0,0,0,0,0,0,0,0,0,0,0,0,0,0
V90_5W32,0.4,0,0,0,0.5,0,0,0,0,0.4,0.25,0.75,4.5,2.7,0,9.7,0,0,0,0,0,0,0,0,0,0,0.8,0,0,0,1,0,0,0,0,0,0,0,0,0,0,0,0,0,0
V90_5W33,1,0,0,0,0.5,0,0,0,0,0.4,0.25,0.75,5,2.7,0,8.6,0,0,0,0,0,0,0,0,0,0,0.8,0,0,0,1,0,0,0,0,0,0,0,0,0,0,0,0,0,0
V90_5W34,1.6,0,0,0,0.5,0,0,0,0,0.4,0.25,0.75,5,2.7,0,8,0,0,0,0,0,0,0,0,0,0,0.8,0,0,0,1,0,0,0,0,0,0,0,0,0,0,0,0,0,0
V90_5W35,0,0,0,0,0.5,0,0,0,0,0.4,0.25,0.75,5,2.7,0,9.22,0,0,0,0,0,0,0,0,0,0,0.8,0.4,0,0,1,0,0,0,0,0,0,0,0,0,0,0,0,0,0
V90_5W36,0,0,0,0,0,0,0,0,0,0.4,0.25,0.75,5,2.7,0,9.22,0,0,0,0,0,0,0,0,0,0,0.8,0.9,0,0,1,0,0,0,0,0,0,0,0,0,0,0,0,0,0
V90_5W4,0.1,0,0,0,0.125,0,0,0,0,0.1,0.063,0.188,2.25,0.295,0,1.68,0,0,0,0,0,0,0,0,0,0,0.2,0,0,0,0.25,0,0,0,0,0,0,0,0,0,0,0,0,0,0
V90_6,0,0,0,0,0.125,0,0,0,0,0.1,0.063,0.188,2.5,0.05,0,1.875,0,0,0,0,0,0,0,0,0,0,0.1,0,0,0,0.25,0,0,0,0,0,0,0,0,0,0,0,0,0,0
V90_4W6,0,0,0,0,0.125,0,0,0,0,0.1,0.063,0.188,2.295,0.255,0,1.775,0,0,0,0,0,0,0,0,0,0,0.2,0,0,0,0.25,0,0,0,0,0,0,0,0,0,0,0,0,0,0
V90_4W7,0,0,0,0,0.125,0,0,0,0,0.1,0.063,0.188,2.04,0.51,0,1.775,0,0,0,0,0,0,0,0,0,0,0.2,0,0,0,0.25,0,0,0,0,0,0,0,0,0,0,0,0,0,0
V105,0,0,0,0,0.25,0,0,0,0,0.2,0.125,0.375,3.5,1.6,0,3.55,0,0,0,0,0,0,0,0,0,0,0.4,0,0,0,0.5,0,0,0,0,0,0,0,0,0,0,0,0,0,0
V106,0,0,0,0,0.25,0,0,0,0,0.25,0.125,0.375,4,1.1,0,3.55,0,0,0,0,0,0,0,0,0,0,0.4,0,0,0,0.2,0,0,0,0,0,0,0,0,0,0,0,0,0,0
V107,0.2,0,0,0,0.25,0,0,0,0,0.25,0.125,0.375,3.5,1.6,0,3.36,0,0,0,0,0,0,0,0,0,0,0.4,0,0,0,0.5,0,0,0,0,0,0,0,0,0,0,0,0,0,0
V108,0.2,0,0,0,0.25,0,0,0,0,0.25,0.125,0.375,4,1.1,0,3.36,0,0,0,0,0,0,0,0,0,0,0.4,0,0,0,0.5,0,0,0,0,0,0,0,0,0,0,0,0,0,0
V109,0,0,0,0,1.25,0,0,0,0,1,0.625,1.875,18.75,6.2,0,17.75,0,0,0,0,0,0,0,0,0,0,2,0,0,0,2.5,0,0.55,0,0,0,0,0,0,0,0,0,0,0,0
V110,0,0,0,0,1.25,0,0,0,0,1,0,0,18.75,8.75,0,17.75,0,0,0,0,0,0,0,0,0,0,2,0,0,0,2.5,0,0.55,0,0,0,0,0,0,0,0,0,0,0,0
V111,0,0,0,0,1.25,0,0,0,0,1,0,0,18.75,9.25,0,17.5,0,0,0,0,0,0,0,0,0,0,2,0,0,0,2.5,0,0,0,0,0,0,0,0,0,0,0,0,0,0
V112,0,0,0,0,0,0,0,0,0,0.1,0.063,0.188,1.875,0.625,0,0.9,0,.,0,0,0,0,0,0,0,0,0.2,0,0,0,0.25,0,0,1,0,0,0,0,0,0,0,0,0,0,0
V113,0,0,0,0,0,0,0,0,0,0.1,0.063,0.188,1.875,0.625,0,0.9,0,.,0,0,0,0,0,0,0,0,0.2,0,0,0,0.25,0,0,0,1,0,0,0,0,0,0,0,0,0,0
V114,0,0,0,0,0.125,0,0,0,0,0.1,0.063,0.188,1.875,0.63,0,0,0,0,0,0,0,0,0,0,0,0,0.2,0,0,0,0.25,0,0,0,0,0,0,0,0,0,0,0,0,0,0
V115,0,0,0,0,0.125,0,0,0,0,0.1,0.063,0.188,1.875,0.63,0,0.5,0,0,0,0,0,0,0,0,0,0,0.2,0,0,0,0.25,0,0,0,0,0,0,0,0,0,0,0,0,0,0
V116,0,0,0,0,0.125,0,0,0,0,0.1,0,0,1.875,0.63,0,1.775,0,0,0,0,0,0,0,0,0,0,0.2,0,0,0,0.25,0,0,0,0,0,0,0,0,0,0,0,0,0,0
V117,7.8,0,0,0,0.5,0,0,0,0,0.4,0.25,0.75,6,1.9,0,0,0,0,0,0,0,0,0,0,0,0,0.4,0,0,0,1,0,0,0,2,0,0,0,0,0,0,0,0,0,0
V118,0,7.8,0,0,0.5,0,0,0,0,0.4,0.25,0.75,6,1.9,0,0,0,0,0,0,0,0,0,0,0,0,0.4,0,0,0,1,0,0,0,2,0,0,0,0,0,0,0,0,0,0
V119,0,0,0,0,0.5,0,0,0,0,0.4,0.25,0.75,10,0.6,0,7.5,0,0,0,0,0,0,0,0,0,0,0,0,0,0,1,0,0,0,0,0,0,0,0,0,0,0,0,0,0
V120,0,0,0,0,0,0,0,0,0.5,0.4,0.25,0.75,6,3.85,0,5.85,0,0,0,0,0,0,0,0,0,0,0.4,0,0,0,0,0,0,0,0,0,2,0,0,0,0,0,0,0,0
V121,0,0,0,0,0,0,0,0,0.5,0.4,0.25,0.75,6,5.8,0,3.9,0,0,0,0,0,0,0,0,0,0,0.4,0,0,0,0,0,0,0,2,0,0,0,0,0,0,0,0,0,0
V122,0,0,0,0,0.5,0,0,0,0,0.4,0.25,0.75,6,3.85,0,5.85,0,0,0,0,0,0,0,0,0,0,0.4,0,0,0,0,0,0,0,2,0,0,0,0,0,0,0,0,0,0
V123,0,0,0,0,0.5,0,0,0,0,0.4,0.25,0.75,6,5.8,0,3.9,0,0,0,0,0,0,0,0,0,0,0.4,0,0,0,0,0,0,0,2,0,0,0,0,0,0,0,0,0,0
V124,0,0,0,0,0.5,0,0,0,0,0.4,0.25,0.75,10,0.6,0,0,0,0,0,0,0,0,0,0,0,0,0,0,0,0,0,0,0,0,2,0,0,7.5,0,0,0,0,0,0,0
V125,0,0,0,0,0,0,0,0,0.5,0.4,0.25,0.75,6,1.9,0,0,0,0,0,0,0,0,0,0,0,0,0.4,0,0,0,0,0,0,0,0,0,2,7.8,0,0,0,0,0,0,0
V126,0,3.75,0,0,0.5,0,0,0,0,0.4,0.25,0.75,10,0.6,0,0,0,0,0,0,0,0,0,0,0,0,0,0,0,0,0,0,0,0,0,0,0,3.75,0,0,0,0,0,0,0
V127,0,0,0,0,0,0,0,0,0.5,0.4,0.25,0.75,6,1.9,0,5,0,0,0,0,0,0,0,0,0,0,0.4,0,0,0,0,0,0,0,0,0,2,0,0,2.8,0,0,0,0,0
V128,0,0,0,0,0.5,0,0,0,0,0.4,0.25,0.75,9,0.6,0,7.5,0,0,0,0,0,0,0,0,0,0,0.4,0,0,0,0,0,0,0,0,0,0,0,0,0,0,1,0,0,0
V129,0,0,0,0,0.5,0,0,0,0,0.4,0.25,0.75,8,0.6,0,7.5,0,0,0,0,0,0,0,0,0,0,0,0,0,0,0,0,0,0,0,0,0,0,0,0,0,2,0,0,0
V130,0,0,0,0,0.5,0,0,0,0,0.4,0.25,0.75,6,4.5,0,6.6,0,0,0,0,0,0,0,0,0,0,0.8,0,0,0,1,0,0,0,0,0,0,0,0,0,0,0,0,0,0
V131,0,0,0,0,0.5,0,0,0,0,0.4,0.25,0.75,6,3.3,0,6.6,0,0,0,0,0,0,0,0,0,0,0,0,0,0,1,0,0,0,2,0,0,0,0,0,0,0,0,0,0
V132,0,0,0,0,0.5,0,0,0,0,0.4,0.25,0.75,6,4.1,0,6.6,0,0,0,0,0,0,0,0,0,0,0.8,0,0,0,1,0,0,0,0.4,0,0,0,0,0,0,0,0,0,0
V133,0,0,0,0,0.5,0,0,0,0,0.4,0.25,0.75,6,5.3,0,6.6,0,0,0,0,0,0,0,0,0,0,0,0,0,0,1,0,0,0,2,0,0,0,0,0,0,0,0,0,0
V134,0,0,0,0,0.5,0,0,0,0,0.4,0.25,0.75,6,3.9,0,7.8,0,0,0,0,0,0,0,0,0,0,0.4,0,0,0,1,0,0,0,0,0,0,0,0,0,0,0,0,0,0
V135,0,0,0,0,0,0,0,0,0.5,0.4,0.25,0.75,6,3.9,0,5,0,0,0,0,0,0,0,0,0,0,0.4,0,0,0,1,0,0,0,0,0,0,0,0,2.8,0,0,0,0,0
V136,0,0,0,0,0.5,0,0,0,0,0.4,0.25,0.75,8,0.6,0,7,0,0,0,0,0,0,0,0,0,0,0.4,0,0,0,1,0,0,0,0,0,0,0,0,0,0,2,0,0,0
V137,0,0,0,0,0.5,0,0,0,0,0.4,0.25,0.75,6,3.9,0,7.8,0,0,0,0,0,0,0,0,0,0,0.4,0,0,0,1,0,0,0,0,0,0,0,0,0,0,1,0,0,0
V138,0,0,0,0,0.5,0,0,0,0,0.4,0.25,0.75,6,3.9,0,6.8,0,0,0,0,0,0,0,0,0,0,0.4,0,0,0,1,0,0,0,0,0,0,0,0,1,0,0,0,0,0
V139,0,0,0,0,0.5,0,0,0,0,0.4,0,0.75,6,1.9,0,7.8,0,0,0,0,0,0,0,0,0,0,0.4,2,0,0,1,0,0,0,0,0,0,0,0,0,0,0,0,0,0
V140,0,0,0,0,0,0,0,0,0.5,0.4,0.25,0.75,6,1.9,0,5,0,0,0,0,0,0,0,0,0,0,0.4,2,0,0,1,0,0,0,0,0,0,0,0,2.8,0,0,0,0,0
V141,0,0,0,0,0.5,0,0,0,0,0.4,0.25,0.75,8,2.6,0,5,0,0,0,0,0,0,0,0,0,0,0.4,0,0,0,1,0,0,0,0,0,0,0,0,0,0,2,0,0,0
V142,0,0,0,0,0.5,0,0,0,0,0.4,0.25,0.75,8,1.1,0,7,0,0,0,0,0,0,0,0,0,0,0.4,0,0,0,1,0,0,0,0,0,0,0,0,0,0,1.5,0,0,0
V143,0,0,0,0,0,0,0,0,0.5,0.4,0.25,0.75,6,1.9,0,4,0,0,0,0,0,0,0,0,0,0,0.4,0,2,0,1,0,0,0,0,0,0,0,0,0,0,3.8,0,0,0
V144,0,0,0,0,0.5,0,0,0,0,0.4,0.25,0.75,8,3.1,0,5,0,0,0,0,0,0,0,0,0,0,0.4,0,0,0,1,0,0,0,0,0,0,0,0,0,0,1.5,0,0,0
V145,0,0,0,0,0.5,0,0,0,0,0.4,0.25,0.75,8,1.6,0,7,0,0,0,0,0,0,0,0,0,0,0.4,0,0,0,1,0,0,0,0,0,0,0,0,0,0,1,0,0,0
V146,0,0,0,0,0.5,0,0,0,0,0.4,0.25,0.75,8,3.6,0,5,0,0,0,0,0,0,0,0,0,0,0.4,0,0,0,1,0,0,0,0,0,0,0,0,0,0,1,0,0,0
V147,0,0,0,0,0.5,0,0,0,0,0.4,0.25,0.75,8,2.6,0,5,0,0,0,0,0,0,0,0,0,0,0.4,0,0,0,1,0,0,0,0,0,0,0,0,0,0,2,0,0,0
V148,0,0,0,0,0.5,0,0,0,0,0.4,0.25,0.75,6,3.1,0,7,0,0,0,0,0,0,0,0,0,0,0.4,0,0,0,1,0,0,0,0,0,0,0,0,0,0,1.5,0,0,0
V149,0,0,0,0,0.5,0,0,0,0,0.4,0.25,0.75,5,4.1,0,7,0,0,0,0,0,0,0,0,0,0,0.4,0,0,0,1,0,0,0,0,0,0,0,0,0,0,1.5,0,0,0
V150,0,0,0,0,0.5,0,0,0,0,0.4,0.25,0.75,6,1.4,0,7.8,0,0,0,0,0,0,0,0,0,0,0.4,2,0,0,1,0,0,0,0,0,0,0,0,0,0,0.5,0,0,0
V151,0,0,0,0,0.5,0,0,0,0,0.4,0.25,0.75,6,0.9,0,7.8,0,0,0,0,0,0,0,0,0,0,0.4,2,0,0,1,0,0,0,0,0,0,0,0,0,0,1,0,0,0
V152,0,0,0,0,0.5,0,0,0,0,0.4,0.25,0.75,8,0.85,0,7,0,0,0,0,0,0,0,0,0,0,0.4,0,0,0,1,0,0,0,0,0,0,0,0,0,0,1.5,0,0,0
V153,0,0,0,0,0.5,0,0,0,0,0.4,0,0.75,8,1.35,0,7.8,0,0,0,0,0,0,0,0,0,0,0.4,0.2,0,0,1,0,0,0,0,0,0,0,0,0,0,0.5,0,0,0
V154,0,0,0,0,0.5,0,0,0,0,0.4,0,0.75,7,1.4,0,7.8,0,0,0,0,0,0,0,0,0,0,0.4,1,0,0,1,0,0,0,0,0,0,0,0,0,0,0.5,0,0,0
V155,0,0,0,0,0.5,0,0,0,0,0.4,0.25,0.75,7,1.15,0,7.8,0,0,0,0,0,0,0,0,0,0,0.4,1,0,0,1,0,0,0,0,0,0,0,0,0,0,0.5,0,0,0
V156,0,0,0,0,0.5,0,0,0,0,0.4,0.25,0.75,7,0.65,0,7.8,0,0,0,0,0,0,0,0,0,0,0.4,1,0,0,1,0,0,0,0,0,0,0,0,0,0,1,0,0,0
V157,0,0,0,0,0,0,0,0,0,0.4,0.25,0.75,8,1.6,0,7,0,0,0,0,0,0,0,0,0,0,0.4,0,0,0,1,0,0,0,0,0,0,0,0,0,0,1.5,0,0,0
V158,0,0,0,0,0,0,0,0,0,0.4,0.25,0.75,8,1.2,0,7,0,0,0,0,0,0,0,0,0,0,0.4,1,0,0,1,0,0,0,0,0,0,0,0,0,0,1,0,0,0
V159,0,0,0,0,0.5,0,0,0,0,0.4,0.25,0.75,8,1.4,0,7.8,0,0,0,0,0,0,0,0,0,0,0.4,2,0,0,1,0,0,0,0,0,0,0,0,0,0,0.5,0,0,0
V160,0,0,0,0,0.5,0,0,0,0,0.4,0.25,0.75,8,1.4,0,7.8,0,0,0,0,0,0,0,0,0,0,0.4,1,0,0,1,0,0,0,0,0,0,0,0,0,0,1,0,0,0
V161,0,0,0,0,0.5,0,0,0,0,0.4,0.25,0.75,6,1.4,0,7.8,0,0,0,0,0,0,0,0,0,0,0.4,2,0,0,1,0,0,0,0,0,0,0,0,0,0,0,2,0,0
V162,0,0,0,0,0,0,0,0,0,0.4,0.25,0.75,7,1.15,0,7.8,0,0,0,0,0,0,0,0,0,0,0.4,0,0,0,1,0,0,0,0,0,0,0,0,0,0,0,2,0,0
V163,0,0,0,0,0.5,0,0,0,0,0.4,0.25,0.75,8,1.1,0,7,0,0,0,0,0,0,0,0,0,0,0.4,0,0,0,1,0,0,0,0,0,0,0,0,0,0,1.5,0,0,0
V164,0,0,0,0,0.5,0,0,0,0,0.4,0.25,0.75,7,1.15,0,7.8,0,0,0,0,0,0,0,0,0,0,0.4,2,0,0,1,0,0,0,0,0,0,0,0,0,0,0,2,0,0
V165,0,0,0,0,0.5,0,0,0,0,0.4,0.25,0.75,8,1.4,0,7.8,0,0,0,0,0,0,0,0,0,0,0.4,2,0,0,1,0,0,0,0,0,0,0,0,0,0,0,0.5,0,0
V166,0,0,0,0,0.25,0,0,0,0,0.2,0.125,0.375,5,0.5,3.75,0,0,0,0,0,0,0,0,0,0,0,0,0,0,0,0.5,0,0,0,0,0,0,0,0,0,0,0,0,0,0
V167,0,0,0,0,0.5,0,0,0,0,0.4,0,0.75,6,4.7,0,5,0,0,0,0,0,0,0,0,0,0,0.4,2,0,0,1,0,0,0,0,0,0,0,0,0,0,0,0,0,0
V168,0,0,0,0,0,0,0,0,0,0.4,0,0.75,7,2.45,0,7,0,0,0,0,0,0,0,0,0,0,0.4,1,0,0,1,0,0,0,0,0,0,0,0,0,0,1,0,0,0
V169,0,0,0,0,0,0,0,0,0,0.4,0.25,0.75,6,3.2,0,7,0,0,0,0,0,0,0,0,0,0,0.4,1,0,0,1,0,0,0,0,0,0,0,0,0,0,1,0,0,0
V170,0,0,0,0,0.25,0,0,0,0,0,0.125,0.375,5,0.7,3.75,0,0,0,0,0,0,0,0,0,0,0,0,0,0,0,0.5,0,0,0,0,0,0,0,0,0,0,0,0,0,0
V171,7.8,0,0,0,0.5,0,0,0,0,0.4,0,0.75,6,1.9,0,0,0,0,0,0,0,0,0,0,0,0,0.4,2,0,0,1,0,0,0,0,0,0,0,0,0,0,0,0,0,0
V172,7.8,0,0,0,0.5,0,0,0,0,0,0,0.75,6,2.3,0,0,0,0,0,0,0,0,0,0,0,0,0.4,2,0,0,1,0,0,0,0,0,0,0,0,0,0,0,0,0,0
V173,0,0,0,0,0.5,0,0,0,0,0,0,0.75,6,2.3,0,7.8,0,0,0,0,0,0,0,0,0,0,0.4,2,0,0,1,0,0,0,0,0,0,0,0,0,0,0,0,0,0
V174,0,0,0,0,0.5,0,0,0,0,0.4,0.25,0.75,10,1,0,0,0,0,0,0,0,0,0,0,0,0,0,0,0,0,0,0,0,0,0,0,0,0,0,0,7.5,0,0,0,0
V175,0,0,0,0,0,0,0,0,0,0,0,0,0,0,0,0,0,0,0,0,0,0,0,0,0,0,0,0,0,0,0,0,0,0,0,0,0,0,0,0,0,0,0,0,0
V176,0,0,0,0,0.5,0,0,0,0,0.4,0.25,0.75,6,4.68,0,6.6,0,0,0,0,0,0,0,0,0,0,0.8,0,0,0,0,0,0,0,0,0,0,0,0,0,0,0,0,0.02,0
V177,0,0,0,0,0.5,0,0,0,0,0.4,0.25,0.75,6,4.3,0,6.6,0,0,0,0,0,0,0.4,0,0,0,0.8,0,0,0,0,0,0,0,0,0,0,0,0,0,0,0,0,0,0
V178,0,0,0,0,2.5,0,0,0,0,2,0,0.49,30,12.76,0,39,0,0,0,0,0,0,0,0,0,0,2,10,0,0,0,0,0,0,0,0,0,0,0,0,0,0,0,0,0
V179,0,0,0,0,0,0,0,0,0,0,0,0,0,0,0,0,0,0,0,0,0,0,0,0,0,0,0,0,0,0,0,0,0,0,0,0,0,0,0,0,0,0,0,0,0
V180,0,0,0,0,2.5,0,0,0,0,0,0,0,30,9.5,0,39,0,0,0,0,0,0,0,0,0,0,2,10,0,0,0,3.75,0,0,0,0,0,0,0,0,0,0,0,0,0
V181,0,0,0,0,2.5,0,0,0,0,2,0,0,30,3.38,0,39,0,0,0,0,0,0,0,0,0,0,2,10,0,0,0,9.875,0,0,0,0,0,0,0,0,0,0,0,0,0
V182,0,0,0,0,2.5,0,0,0,0,2,0,0,30,8.313,0,39,0,0,0,0,0,0,0,0,0,0,2,10,0,0,0,4.937,0,0,0,0,0,0,0,0,0,0,0,0,0
V183,0,0,0,0,2.5,0,0,0,0,0,0,3.75,30,9.5,0,39,0,0,0,0,0,0,0,0,0,0,2,10,0,0,0,0,0,0,0,0,0,0,0,0,0,0,0,0,2
V184,0,0,0,0,0.5,0,0,0,0,0.4,0,0.75,6,2.1,0,0,7.8,0,0,0,0,0,0,0,0,0,0.2,2,0,0,1,0,0,0,0,0,0,0,0,0,0,0,0,0,0
V139-10,0,0,0,0,0.5,0,0,0,0,0.4,0,0.75,6,3.1,0,0,7.8,0,0,0,0,0,0,0,0,0,0.2,1,0,0,1,0,0,0,0,0,0,0,0,0,0,0,0,0,0
